chr,start,end,bin,bin2
chr1,2000001,3000000,2,1
chr1,3000001,4000000,3,2
chr1,6000001,7000000,6,3
chr1,8000001,9000000,8,4
chr1,9000001,10000000,9,5
chr1,10000001,11000000,10,6
chr1,11000001,12000000,11,7
chr1,12000001,13000000,12,8
chr1,16000001,17000000,15,9
chr1,17000001,18000000,16,10
chr1,19000001,20000000,18,11
chr1,21000001,22000000,20,12
chr1,24000001,25000000,23,13
chr1,25000001,26000000,24,14
chr1,26000001,27000000,25,15
chr1,27000001,28000000,26,16
chr1,28000001,29000000,27,17
chr1,29000001,30000000,28,18
chr1,31000001,32000000,30,19
chr1,32000001,33000000,31,20
chr1,33000001,34000000,32,21
chr1,35000001,36000000,34,22
chr1,36000001,37000000,35,23
chr1,38000001,39000000,37,24
chr1,39000001,40000000,38,25
chr1,40000001,41000000,39,26
chr1,41000001,42000000,40,27
chr1,42000001,43000000,41,28
chr1,43000001,44000000,42,29
chr1,44000001,45000000,43,30
chr1,45000001,46000000,44,31
chr1,46000001,47000000,45,32
chr1,47000001,48000000,46,33
chr1,49000001,50000000,48,34
chr1,50000001,51000000,49,35
chr1,51000001,52000000,50,36
chr1,52000001,53000000,51,37
chr1,53000001,54000000,52,38
chr1,55000001,56000000,54,39
chr1,56000001,57000000,55,40
chr1,58000001,59000000,57,41
chr1,59000001,60000000,58,42
chr1,60000001,61000000,59,43
chr1,61000001,62000000,60,44
chr1,62000001,63000000,61,45
chr1,63000001,64000000,62,46
chr1,64000001,65000000,63,47
chr1,65000001,66000000,64,48
chr1,66000001,67000000,65,49
chr1,67000001,68000000,66,50
chr1,68000001,69000000,67,51
chr1,69000001,70000000,68,52
chr1,70000001,71000000,69,53
chr1,71000001,72000000,70,54
chr1,72000001,73000000,71,55
chr1,73000001,74000000,72,56
chr1,74000001,75000000,73,57
chr1,75000001,76000000,74,58
chr1,76000001,77000000,75,59
chr1,77000001,78000000,76,60
chr1,78000001,79000000,77,61
chr1,79000001,80000000,78,62
chr1,81000001,82000000,80,63
chr1,82000001,83000000,81,64
chr1,84000001,85000000,82,65
chr1,85000001,86000000,83,66
chr1,86000001,87000000,84,67
chr1,87000001,88000000,85,68
chr1,88000001,89000000,86,69
chr1,89000001,90000000,87,70
chr1,90000001,91000000,88,71
chr1,91000001,92000000,89,72
chr1,92000001,93000000,90,73
chr1,93000001,94000000,91,74
chr1,94000001,95000000,92,75
chr1,95000001,96000000,93,76
chr1,96000001,97000000,94,77
chr1,97000001,98000000,95,78
chr1,98000001,99000000,96,79
chr1,99000001,100000000,97,80
chr1,100000001,101000000,98,81
chr1,101000001,102000000,99,82
chr1,102000001,103000000,100,83
chr1,106000001,107000000,102,84
chr1,107000001,108000000,103,85
chr1,109000001,110000000,104,86
chr1,110000001,111000000,105,87
chr1,111000001,112000000,106,88
chr1,112000001,113000000,107,89
chr1,113000001,114000000,108,90
chr1,114000001,115000000,109,91
chr1,115000001,116000000,110,92
chr1,116000001,117000000,111,93
chr1,117000001,118000000,112,94
chr1,118000001,119000000,113,95
chr1,119000001,120000000,114,96
chr1,151000001,152000000,116,97
chr1,152000001,153000000,117,98
chr1,153000001,154000000,118,99
chr1,154000001,155000000,119,100
chr1,156000001,157000000,121,101
chr1,157000001,158000000,122,102
chr1,158000001,159000000,123,103
chr1,159000001,160000000,124,104
chr1,160000001,161000000,125,105
chr1,162000001,163000000,126,106
chr1,163000001,164000000,127,107
chr1,164000001,165000000,128,108
chr1,165000001,166000000,129,109
chr1,166000001,167000000,130,110
chr1,167000001,168000000,131,111
chr1,168000001,169000000,132,112
chr1,169000001,170000000,133,113
chr1,170000001,171000000,134,114
chr1,171000001,172000000,135,115
chr1,172000001,173000000,136,116
chr1,173000001,174000000,137,117
chr1,174000001,175000000,138,118
chr1,176000001,177000000,140,119
chr1,177000001,178000000,141,120
chr1,178000001,179000000,142,121
chr1,179000001,180000000,143,122
chr1,180000001,181000000,144,123
chr1,181000001,182000000,145,124
chr1,182000001,183000000,146,125
chr1,183000001,184000000,147,126
chr1,184000001,185000000,148,127
chr1,185000001,186000000,149,128
chr1,186000001,187000000,150,129
chr1,187000001,188000000,151,130
chr1,188000001,189000000,152,131
chr1,190000001,191000000,154,132
chr1,191000001,192000000,155,133
chr1,192000001,193000000,156,134
chr1,193000001,194000000,157,135
chr1,194000001,195000000,158,136
chr1,195000001,196000000,159,137
chr1,197000001,198000000,161,138
chr1,198000001,199000000,162,139
chr1,199000001,200000000,163,140
chr1,200000001,201000000,164,141
chr1,202000001,203000000,166,142
chr1,203000001,204000000,167,143
chr1,205000001,206000000,169,144
chr1,207000001,208000000,170,145
chr1,209000001,210000000,172,146
chr1,210000001,211000000,173,147
chr1,211000001,212000000,174,148
chr1,212000001,213000000,175,149
chr1,213000001,214000000,176,150
chr1,214000001,215000000,177,151
chr1,215000001,216000000,178,152
chr1,216000001,217000000,179,153
chr1,217000001,218000000,180,154
chr1,218000001,219000000,181,155
chr1,219000001,220000000,182,156
chr1,220000001,221000000,183,157
chr1,221000001,222000000,184,158
chr1,222000001,223000000,185,159
chr1,223000001,224000000,186,160
chr1,225000001,226000000,187,161
chr1,226000001,227000000,188,162
chr1,227000001,228000000,189,163
chr1,228000001,229000000,190,164
chr1,229000001,230000000,191,165
chr1,230000001,231000000,192,166
chr1,231000001,232000000,193,167
chr1,232000001,233000000,194,168
chr1,233000001,234000000,195,169
chr1,234000001,235000000,196,170
chr1,235000001,236000000,197,171
chr1,236000001,237000000,198,172
chr1,237000001,238000000,199,173
chr1,238000001,239000000,200,174
chr1,239000001,240000000,201,175
chr1,240000001,241000000,202,176
chr1,241000001,242000000,203,177
chr1,242000001,243000000,204,178
chr1,244000001,245000000,205,179
chr1,245000001,246000000,206,180
chr1,246000001,247000000,207,181
chr1,247000001,248000000,208,182
chr2,1000001,2000000,209,183
chr2,2000001,3000000,210,184
chr2,3000001,4000000,211,185
chr2,4000001,5000000,212,186
chr2,6000001,7000000,214,187
chr2,7000001,8000000,215,188
chr2,8000001,9000000,216,189
chr2,9000001,10000000,217,190
chr2,10000001,11000000,218,191
chr2,11000001,12000000,219,192
chr2,12000001,13000000,220,193
chr2,13000001,14000000,221,194
chr2,14000001,15000000,222,195
chr2,15000001,16000000,223,196
chr2,16000001,17000000,224,197
chr2,17000001,18000000,225,198
chr2,18000001,19000000,226,199
chr2,19000001,20000000,227,200
chr2,20000001,21000000,228,201
chr2,21000001,22000000,229,202
chr2,22000001,23000000,230,203
chr2,24000001,25000000,232,204
chr2,25000001,26000000,233,205
chr2,26000001,27000000,234,206
chr2,27000001,28000000,235,207
chr2,28000001,29000000,236,208
chr2,30000001,31000000,238,209
chr2,31000001,32000000,239,210
chr2,32000001,33000000,240,211
chr2,33000001,34000000,241,212
chr2,34000001,35000000,242,213
chr2,35000001,36000000,243,214
chr2,36000001,37000000,244,215
chr2,37000001,38000000,245,216
chr2,38000001,39000000,246,217
chr2,39000001,40000000,247,218
chr2,40000001,41000000,248,219
chr2,41000001,42000000,249,220
chr2,42000001,43000000,250,221
chr2,43000001,44000000,251,222
chr2,44000001,45000000,252,223
chr2,45000001,46000000,253,224
chr2,46000001,47000000,254,225
chr2,47000001,48000000,255,226
chr2,48000001,49000000,256,227
chr2,49000001,50000000,257,228
chr2,50000001,51000000,258,229
chr2,51000001,52000000,259,230
chr2,52000001,53000000,260,231
chr2,53000001,54000000,261,232
chr2,54000001,55000000,262,233
chr2,55000001,56000000,263,234
chr2,56000001,57000000,264,235
chr2,57000001,58000000,265,236
chr2,58000001,59000000,266,237
chr2,59000001,60000000,267,238
chr2,60000001,61000000,268,239
chr2,61000001,62000000,269,240
chr2,62000001,63000000,270,241
chr2,63000001,64000000,271,242
chr2,64000001,65000000,272,243
chr2,65000001,66000000,273,244
chr2,66000001,67000000,274,245
chr2,67000001,68000000,275,246
chr2,68000001,69000000,276,247
chr2,69000001,70000000,277,248
chr2,70000001,71000000,278,249
chr2,71000001,72000000,279,250
chr2,72000001,73000000,280,251
chr2,73000001,74000000,281,252
chr2,74000001,75000000,282,253
chr2,75000001,76000000,283,254
chr2,76000001,77000000,284,255
chr2,78000001,79000000,286,256
chr2,79000001,80000000,287,257
chr2,80000001,81000000,288,258
chr2,81000001,82000000,289,259
chr2,82000001,83000000,290,260
chr2,83000001,84000000,291,261
chr2,84000001,85000000,292,262
chr2,85000001,86000000,293,263
chr2,86000001,87000000,294,264
chr2,99000001,100000000,295,265
chr2,100000001,101000000,296,266
chr2,101000001,102000000,297,267
chr2,102000001,103000000,298,268
chr2,103000001,104000000,299,269
chr2,104000001,105000000,300,270
chr2,105000001,106000000,301,271
chr2,106000001,107000000,302,272
chr2,107000001,108000000,303,273
chr2,108000001,109000000,304,274
chr2,109000001,110000000,305,275
chr2,115000001,116000000,307,276
chr2,116000001,117000000,308,277
chr2,117000001,118000000,309,278
chr2,118000001,119000000,310,279
chr2,120000001,121000000,312,280
chr2,122000001,123000000,314,281
chr2,123000001,124000000,315,282
chr2,124000001,125000000,316,283
chr2,125000001,126000000,317,284
chr2,126000001,127000000,318,285
chr2,128000001,129000000,320,286
chr2,133000001,134000000,322,287
chr2,134000001,135000000,323,288
chr2,135000001,136000000,324,289
chr2,136000001,137000000,325,290
chr2,137000001,138000000,326,291
chr2,138000001,139000000,327,292
chr2,139000001,140000000,328,293
chr2,140000001,141000000,329,294
chr2,141000001,142000000,330,295
chr2,142000001,143000000,331,296
chr2,143000001,144000000,332,297
chr2,144000001,145000000,333,298
chr2,145000001,146000000,334,299
chr2,146000001,147000000,335,300
chr2,147000001,148000000,336,301
chr2,148000001,149000000,337,302
chr2,149000001,150000000,338,303
chr2,150000001,151000000,339,304
chr2,151000001,152000000,340,305
chr2,152000001,153000000,341,306
chr2,153000001,154000000,342,307
chr2,154000001,155000000,343,308
chr2,155000001,156000000,344,309
chr2,156000001,157000000,345,310
chr2,157000001,158000000,346,311
chr2,158000001,159000000,347,312
chr2,159000001,160000000,348,313
chr2,160000001,161000000,349,314
chr2,161000001,162000000,350,315
chr2,162000001,163000000,351,316
chr2,163000001,164000000,352,317
chr2,164000001,165000000,353,318
chr2,165000001,166000000,354,319
chr2,166000001,167000000,355,320
chr2,167000001,168000000,356,321
chr2,168000001,169000000,357,322
chr2,169000001,170000000,358,323
chr2,170000001,171000000,359,324
chr2,171000001,172000000,360,325
chr2,172000001,173000000,361,326
chr2,173000001,174000000,362,327
chr2,174000001,175000000,363,328
chr2,175000001,176000000,364,329
chr2,176000001,177000000,365,330
chr2,177000001,178000000,366,331
chr2,178000001,179000000,367,332
chr2,179000001,180000000,368,333
chr2,180000001,181000000,369,334
chr2,181000001,182000000,370,335
chr2,182000001,183000000,371,336
chr2,183000001,184000000,372,337
chr2,184000001,185000000,373,338
chr2,185000001,186000000,374,339
chr2,186000001,187000000,375,340
chr2,187000001,188000000,376,341
chr2,188000001,189000000,377,342
chr2,189000001,190000000,378,343
chr2,190000001,191000000,379,344
chr2,191000001,192000000,380,345
chr2,192000001,193000000,381,346
chr2,193000001,194000000,382,347
chr2,195000001,196000000,384,348
chr2,196000001,197000000,385,349
chr2,197000001,198000000,386,350
chr2,198000001,199000000,387,351
chr2,199000001,200000000,388,352
chr2,200000001,201000000,389,353
chr2,201000001,202000000,390,354
chr2,202000001,203000000,391,355
chr2,203000001,204000000,392,356
chr2,204000001,205000000,393,357
chr2,205000001,206000000,394,358
chr2,206000001,207000000,395,359
chr2,207000001,208000000,396,360
chr2,208000001,209000000,397,361
chr2,209000001,210000000,398,362
chr2,210000001,211000000,399,363
chr2,211000001,212000000,400,364
chr2,212000001,213000000,401,365
chr2,213000001,214000000,402,366
chr2,214000001,215000000,403,367
chr2,215000001,216000000,404,368
chr2,216000001,217000000,405,369
chr2,219000001,220000000,408,370
chr2,220000001,221000000,409,371
chr2,221000001,222000000,410,372
chr2,222000001,223000000,411,373
chr2,223000001,224000000,412,374
chr2,224000001,225000000,413,375
chr2,225000001,226000000,414,376
chr2,226000001,227000000,415,377
chr2,227000001,228000000,416,378
chr2,228000001,229000000,417,379
chr2,229000001,230000000,418,380
chr2,230000001,231000000,419,381
chr2,231000001,232000000,420,382
chr2,232000001,233000000,421,383
chr2,233000001,234000000,422,384
chr2,234000001,235000000,423,385
chr2,238000001,239000000,427,386
chr2,239000001,240000000,428,387
chr2,240000001,241000000,429,388
chr2,242000001,243000000,431,389
chr3,1000001,2000000,432,390
chr3,2000001,3000000,433,391
chr3,3000001,4000000,434,392
chr3,4000001,5000000,435,393
chr3,5000001,6000000,436,394
chr3,6000001,7000000,437,395
chr3,7000001,8000000,438,396
chr3,8000001,9000000,439,397
chr3,9000001,10000000,440,398
chr3,10000001,11000000,441,399
chr3,11000001,12000000,442,400
chr3,12000001,13000000,443,401
chr3,14000001,15000000,445,402
chr3,15000001,16000000,446,403
chr3,16000001,17000000,447,404
chr3,17000001,18000000,448,405
chr3,18000001,19000000,449,406
chr3,19000001,20000000,450,407
chr3,20000001,21000000,451,408
chr3,21000001,22000000,452,409
chr3,22000001,23000000,453,410
chr3,23000001,24000000,454,411
chr3,24000001,25000000,455,412
chr3,25000001,26000000,456,413
chr3,26000001,27000000,457,414
chr3,27000001,28000000,458,415
chr3,28000001,29000000,459,416
chr3,29000001,30000000,460,417
chr3,30000001,31000000,461,418
chr3,31000001,32000000,462,419
chr3,32000001,33000000,463,420
chr3,33000001,34000000,464,421
chr3,34000001,35000000,465,422
chr3,35000001,36000000,466,423
chr3,36000001,37000000,467,424
chr3,37000001,38000000,468,425
chr3,38000001,39000000,469,426
chr3,39000001,40000000,470,427
chr3,40000001,41000000,471,428
chr3,41000001,42000000,472,429
chr3,42000001,43000000,473,430
chr3,43000001,44000000,474,431
chr3,44000001,45000000,475,432
chr3,45000001,46000000,476,433
chr3,46000001,47000000,477,434
chr3,47000001,48000000,478,435
chr3,48000001,49000000,479,436
chr3,49000001,50000000,480,437
chr3,50000001,51000000,481,438
chr3,51000001,52000000,482,439
chr3,52000001,53000000,483,440
chr3,53000001,54000000,484,441
chr3,54000001,55000000,485,442
chr3,55000001,56000000,486,443
chr3,56000001,57000000,487,444
chr3,57000001,58000000,488,445
chr3,58000001,59000000,489,446
chr3,59000001,60000000,490,447
chr3,60000001,61000000,491,448
chr3,61000001,62000000,492,449
chr3,62000001,63000000,493,450
chr3,63000001,64000000,494,451
chr3,64000001,65000000,495,452
chr3,65000001,66000000,496,453
chr3,66000001,67000000,497,454
chr3,67000001,68000000,498,455
chr3,68000001,69000000,499,456
chr3,69000001,70000000,500,457
chr3,70000001,71000000,501,458
chr3,71000001,72000000,502,459
chr3,72000001,73000000,503,460
chr3,73000001,74000000,504,461
chr3,74000001,75000000,505,462
chr3,76000001,77000000,506,463
chr3,77000001,78000000,507,464
chr3,78000001,79000000,508,465
chr3,79000001,80000000,509,466
chr3,80000001,81000000,510,467
chr3,81000001,82000000,511,468
chr3,82000001,83000000,512,469
chr3,83000001,84000000,513,470
chr3,85000001,86000000,515,471
chr3,86000001,87000000,516,472
chr3,87000001,88000000,517,473
chr3,88000001,89000000,518,474
chr3,89000001,90000000,519,475
chr3,94000001,95000000,520,476
chr3,96000001,97000000,522,477
chr3,97000001,98000000,523,478
chr3,98000001,99000000,524,479
chr3,99000001,100000000,525,480
chr3,100000001,101000000,526,481
chr3,101000001,102000000,527,482
chr3,102000001,103000000,528,483
chr3,103000001,104000000,529,484
chr3,104000001,105000000,530,485
chr3,105000001,106000000,531,486
chr3,106000001,107000000,532,487
chr3,107000001,108000000,533,488
chr3,108000001,109000000,534,489
chr3,109000001,110000000,535,490
chr3,110000001,111000000,536,491
chr3,111000001,112000000,537,492
chr3,112000001,113000000,538,493
chr3,113000001,114000000,539,494
chr3,114000001,115000000,540,495
chr3,115000001,116000000,541,496
chr3,116000001,117000000,542,497
chr3,117000001,118000000,543,498
chr3,118000001,119000000,544,499
chr3,119000001,120000000,545,500
chr3,120000001,121000000,546,501
chr3,121000001,122000000,547,502
chr3,122000001,123000000,548,503
chr3,123000001,124000000,549,504
chr3,124000001,125000000,550,505
chr3,127000001,128000000,552,506
chr3,128000001,129000000,553,507
chr3,130000001,131000000,554,508
chr3,131000001,132000000,555,509
chr3,132000001,133000000,556,510
chr3,133000001,134000000,557,511
chr3,134000001,135000000,558,512
chr3,135000001,136000000,559,513
chr3,136000001,137000000,560,514
chr3,137000001,138000000,561,515
chr3,138000001,139000000,562,516
chr3,140000001,141000000,564,517
chr3,141000001,142000000,565,518
chr3,142000001,143000000,566,519
chr3,143000001,144000000,567,520
chr3,144000001,145000000,568,521
chr3,145000001,146000000,569,522
chr3,146000001,147000000,570,523
chr3,147000001,148000000,571,524
chr3,148000001,149000000,572,525
chr3,149000001,150000000,573,526
chr3,150000001,151000000,574,527
chr3,151000001,152000000,575,528
chr3,152000001,153000000,576,529
chr3,153000001,154000000,577,530
chr3,154000001,155000000,578,531
chr3,155000001,156000000,579,532
chr3,156000001,157000000,580,533
chr3,157000001,158000000,581,534
chr3,158000001,159000000,582,535
chr3,159000001,160000000,583,536
chr3,160000001,161000000,584,537
chr3,161000001,162000000,585,538
chr3,166000001,167000000,590,539
chr3,167000001,168000000,591,540
chr3,168000001,169000000,592,541
chr3,169000001,170000000,593,542
chr3,170000001,171000000,594,543
chr3,171000001,172000000,595,544
chr3,172000001,173000000,596,545
chr3,173000001,174000000,597,546
chr3,174000001,175000000,598,547
chr3,175000001,176000000,599,548
chr3,176000001,177000000,600,549
chr3,177000001,178000000,601,550
chr3,178000001,179000000,602,551
chr3,179000001,180000000,603,552
chr3,180000001,181000000,604,553
chr3,181000001,182000000,605,554
chr3,182000001,183000000,606,555
chr3,183000001,184000000,607,556
chr3,184000001,185000000,608,557
chr3,185000001,186000000,609,558
chr3,186000001,187000000,610,559
chr3,187000001,188000000,611,560
chr3,188000001,189000000,612,561
chr3,189000001,190000000,613,562
chr3,190000001,191000000,614,563
chr3,191000001,192000000,615,564
chr3,192000001,193000000,616,565
chr3,193000001,194000000,617,566
chr3,194000001,195000000,618,567
chr3,196000001,197000000,619,568
chr4,1000001,2000000,620,569
chr4,2000001,3000000,621,570
chr4,3000001,4000000,622,571
chr4,4000001,5000000,623,572
chr4,6000001,7000000,625,573
chr4,10000001,11000000,628,574
chr4,11000001,12000000,629,575
chr4,12000001,13000000,630,576
chr4,13000001,14000000,631,577
chr4,14000001,15000000,632,578
chr4,15000001,16000000,633,579
chr4,16000001,17000000,634,580
chr4,17000001,18000000,635,581
chr4,18000001,19000000,636,582
chr4,19000001,20000000,637,583
chr4,20000001,21000000,638,584
chr4,21000001,22000000,639,585
chr4,22000001,23000000,640,586
chr4,23000001,24000000,641,587
chr4,24000001,25000000,642,588
chr4,25000001,26000000,643,589
chr4,26000001,27000000,644,590
chr4,27000001,28000000,645,591
chr4,28000001,29000000,646,592
chr4,29000001,30000000,647,593
chr4,30000001,31000000,648,594
chr4,31000001,32000000,649,595
chr4,32000001,33000000,650,596
chr4,33000001,34000000,651,597
chr4,35000001,36000000,653,598
chr4,36000001,37000000,654,599
chr4,37000001,38000000,655,600
chr4,38000001,39000000,656,601
chr4,39000001,40000000,657,602
chr4,40000001,41000000,658,603
chr4,41000001,42000000,659,604
chr4,42000001,43000000,660,605
chr4,43000001,44000000,661,606
chr4,44000001,45000000,662,607
chr4,45000001,46000000,663,608
chr4,46000001,47000000,664,609
chr4,47000001,48000000,665,610
chr4,48000001,49000000,666,611
chr4,53000001,54000000,667,612
chr4,54000001,55000000,668,613
chr4,55000001,56000000,669,614
chr4,56000001,57000000,670,615
chr4,57000001,58000000,671,616
chr4,58000001,59000000,672,617
chr4,60000001,61000000,674,618
chr4,62000001,63000000,676,619
chr4,63000001,64000000,677,620
chr4,67000001,68000000,681,621
chr4,68000001,69000000,682,622
chr4,71000001,72000000,685,623
chr4,72000001,73000000,686,624
chr4,73000001,74000000,687,625
chr4,74000001,75000000,688,626
chr4,76000001,77000000,690,627
chr4,77000001,78000000,691,628
chr4,78000001,79000000,692,629
chr4,79000001,80000000,693,630
chr4,80000001,81000000,694,631
chr4,81000001,82000000,695,632
chr4,82000001,83000000,696,633
chr4,83000001,84000000,697,634
chr4,84000001,85000000,698,635
chr4,85000001,86000000,699,636
chr4,86000001,87000000,700,637
chr4,87000001,88000000,701,638
chr4,88000001,89000000,702,639
chr4,89000001,90000000,703,640
chr4,90000001,91000000,704,641
chr4,91000001,92000000,705,642
chr4,93000001,94000000,707,643
chr4,94000001,95000000,708,644
chr4,95000001,96000000,709,645
chr4,96000001,97000000,710,646
chr4,97000001,98000000,711,647
chr4,98000001,99000000,712,648
chr4,99000001,100000000,713,649
chr4,100000001,101000000,714,650
chr4,101000001,102000000,715,651
chr4,102000001,103000000,716,652
chr4,103000001,104000000,717,653
chr4,104000001,105000000,718,654
chr4,105000001,106000000,719,655
chr4,106000001,107000000,720,656
chr4,107000001,108000000,721,657
chr4,108000001,109000000,722,658
chr4,109000001,110000000,723,659
chr4,110000001,111000000,724,660
chr4,111000001,112000000,725,661
chr4,112000001,113000000,726,662
chr4,113000001,114000000,727,663
chr4,114000001,115000000,728,664
chr4,115000001,116000000,729,665
chr4,116000001,117000000,730,666
chr4,117000001,118000000,731,667
chr4,118000001,119000000,732,668
chr4,121000001,122000000,734,669
chr4,122000001,123000000,735,670
chr4,123000001,124000000,736,671
chr4,124000001,125000000,737,672
chr4,125000001,126000000,738,673
chr4,126000001,127000000,739,674
chr4,127000001,128000000,740,675
chr4,128000001,129000000,741,676
chr4,129000001,130000000,742,677
chr4,130000001,131000000,743,678
chr4,131000001,132000000,744,679
chr4,134000001,135000000,746,680
chr4,137000001,138000000,749,681
chr4,138000001,139000000,750,682
chr4,139000001,140000000,751,683
chr4,140000001,141000000,752,684
chr4,141000001,142000000,753,685
chr4,142000001,143000000,754,686
chr4,143000001,144000000,755,687
chr4,145000001,146000000,756,688
chr4,146000001,147000000,757,689
chr4,147000001,148000000,758,690
chr4,148000001,149000000,759,691
chr4,149000001,150000000,760,692
chr4,150000001,151000000,761,693
chr4,151000001,152000000,762,694
chr4,152000001,153000000,763,695
chr4,153000001,154000000,764,696
chr4,154000001,155000000,765,697
chr4,155000001,156000000,766,698
chr4,156000001,157000000,767,699
chr4,157000001,158000000,768,700
chr4,158000001,159000000,769,701
chr4,159000001,160000000,770,702
chr4,160000001,161000000,771,703
chr4,162000001,163000000,773,704
chr4,163000001,164000000,774,705
chr4,164000001,165000000,775,706
chr4,165000001,166000000,776,707
chr4,166000001,167000000,777,708
chr4,167000001,168000000,778,709
chr4,168000001,169000000,779,710
chr4,169000001,170000000,780,711
chr4,170000001,171000000,781,712
chr4,171000001,172000000,782,713
chr4,172000001,173000000,783,714
chr4,173000001,174000000,784,715
chr4,174000001,175000000,785,716
chr4,175000001,176000000,786,717
chr4,176000001,177000000,787,718
chr4,177000001,178000000,788,719
chr4,178000001,179000000,789,720
chr4,179000001,180000000,790,721
chr4,180000001,181000000,791,722
chr4,181000001,182000000,792,723
chr4,182000001,183000000,793,724
chr4,183000001,184000000,794,725
chr4,184000001,185000000,795,726
chr4,185000001,186000000,796,727
chr4,186000001,187000000,797,728
chr4,187000001,188000000,798,729
chr4,188000001,189000000,799,730
chr4,189000001,190000000,800,731
chr4,190000001,191000000,801,732
chr5,1000001,2000000,802,733
chr5,2000001,3000000,803,734
chr5,3000001,4000000,804,735
chr5,4000001,5000000,805,736
chr5,5000001,6000000,806,737
chr5,6000001,7000000,807,738
chr5,7000001,8000000,808,739
chr5,8000001,9000000,809,740
chr5,9000001,10000000,810,741
chr5,10000001,11000000,811,742
chr5,11000001,12000000,812,743
chr5,12000001,13000000,813,744
chr5,13000001,14000000,814,745
chr5,14000001,15000000,815,746
chr5,15000001,16000000,816,747
chr5,16000001,17000000,817,748
chr5,18000001,19000000,819,749
chr5,23000001,24000000,822,750
chr5,24000001,25000000,823,751
chr5,27000001,28000000,826,752
chr5,28000001,29000000,827,753
chr5,29000001,30000000,828,754
chr5,30000001,31000000,829,755
chr5,31000001,32000000,830,756
chr5,32000001,33000000,831,757
chr5,33000001,34000000,832,758
chr5,35000001,36000000,833,759
chr5,36000001,37000000,834,760
chr5,37000001,38000000,835,761
chr5,38000001,39000000,836,762
chr5,39000001,40000000,837,763
chr5,40000001,41000000,838,764
chr5,41000001,42000000,839,765
chr5,42000001,43000000,840,766
chr5,43000001,44000000,841,767
chr5,44000001,45000000,842,768
chr5,50000001,51000000,844,769
chr5,51000001,52000000,845,770
chr5,52000001,53000000,846,771
chr5,53000001,54000000,847,772
chr5,54000001,55000000,848,773
chr5,55000001,56000000,849,774
chr5,56000001,57000000,850,775
chr5,57000001,58000000,851,776
chr5,58000001,59000000,852,777
chr5,59000001,60000000,853,778
chr5,60000001,61000000,854,779
chr5,61000001,62000000,855,780
chr5,62000001,63000000,856,781
chr5,63000001,64000000,857,782
chr5,64000001,65000000,858,783
chr5,65000001,66000000,859,784
chr5,66000001,67000000,860,785
chr5,67000001,68000000,861,786
chr5,71000001,72000000,862,787
chr5,72000001,73000000,863,788
chr5,73000001,74000000,864,789
chr5,74000001,75000000,865,790
chr5,75000001,76000000,866,791
chr5,76000001,77000000,867,792
chr5,77000001,78000000,868,793
chr5,78000001,79000000,869,794
chr5,79000001,80000000,870,795
chr5,80000001,81000000,871,796
chr5,81000001,82000000,872,797
chr5,82000001,83000000,873,798
chr5,83000001,84000000,874,799
chr5,84000001,85000000,875,800
chr5,86000001,87000000,877,801
chr5,87000001,88000000,878,802
chr5,88000001,89000000,879,803
chr5,89000001,90000000,880,804
chr5,90000001,91000000,881,805
chr5,92000001,93000000,883,806
chr5,93000001,94000000,884,807
chr5,94000001,95000000,885,808
chr5,95000001,96000000,886,809
chr5,96000001,97000000,887,810
chr5,97000001,98000000,888,811
chr5,101000001,102000000,891,812
chr5,102000001,103000000,892,813
chr5,103000001,104000000,893,814
chr5,105000001,106000000,895,815
chr5,106000001,107000000,896,816
chr5,107000001,108000000,897,817
chr5,108000001,109000000,898,818
chr5,109000001,110000000,899,819
chr5,110000001,111000000,900,820
chr5,111000001,112000000,901,821
chr5,112000001,113000000,902,822
chr5,113000001,114000000,903,823
chr5,114000001,115000000,904,824
chr5,115000001,116000000,905,825
chr5,116000001,117000000,906,826
chr5,117000001,118000000,907,827
chr5,118000001,119000000,908,828
chr5,119000001,120000000,909,829
chr5,120000001,121000000,910,830
chr5,121000001,122000000,911,831
chr5,122000001,123000000,912,832
chr5,123000001,124000000,913,833
chr5,124000001,125000000,914,834
chr5,125000001,126000000,915,835
chr5,126000001,127000000,916,836
chr5,127000001,128000000,917,837
chr5,128000001,129000000,918,838
chr5,129000001,130000000,919,839
chr5,130000001,131000000,920,840
chr5,131000001,132000000,921,841
chr5,132000001,133000000,922,842
chr5,133000001,134000000,923,843
chr5,135000001,136000000,925,844
chr5,136000001,137000000,926,845
chr5,137000001,138000000,927,846
chr5,138000001,139000000,928,847
chr5,139000001,140000000,929,848
chr5,140000001,141000000,930,849
chr5,141000001,142000000,931,850
chr5,142000001,143000000,932,851
chr5,143000001,144000000,933,852
chr5,144000001,145000000,934,853
chr5,145000001,146000000,935,854
chr5,146000001,147000000,936,855
chr5,147000001,148000000,937,856
chr5,148000001,149000000,938,857
chr5,149000001,150000000,939,858
chr5,150000001,151000000,940,859
chr5,151000001,152000000,941,860
chr5,152000001,153000000,942,861
chr5,153000001,154000000,943,862
chr5,154000001,155000000,944,863
chr5,155000001,156000000,945,864
chr5,156000001,157000000,946,865
chr5,157000001,158000000,947,866
chr5,158000001,159000000,948,867
chr5,159000001,160000000,949,868
chr5,160000001,161000000,950,869
chr5,161000001,162000000,951,870
chr5,162000001,163000000,952,871
chr5,163000001,164000000,953,872
chr5,164000001,165000000,954,873
chr5,165000001,166000000,955,874
chr5,166000001,167000000,956,875
chr5,167000001,168000000,957,876
chr5,169000001,170000000,959,877
chr5,170000001,171000000,960,878
chr5,171000001,172000000,961,879
chr5,172000001,173000000,962,880
chr5,173000001,174000000,963,881
chr5,174000001,175000000,964,882
chr5,176000001,177000000,965,883
chr5,178000001,179000000,966,884
chr5,179000001,180000000,967,885
chr6,2000001,3000000,969,886
chr6,3000001,4000000,970,887
chr6,4000001,5000000,971,888
chr6,5000001,6000000,972,889
chr6,6000001,7000000,973,890
chr6,7000001,8000000,974,891
chr6,8000001,9000000,975,892
chr6,9000001,10000000,976,893
chr6,10000001,11000000,977,894
chr6,11000001,12000000,978,895
chr6,12000001,13000000,979,896
chr6,13000001,14000000,980,897
chr6,14000001,15000000,981,898
chr6,15000001,16000000,982,899
chr6,16000001,17000000,983,900
chr6,17000001,18000000,984,901
chr6,18000001,19000000,985,902
chr6,19000001,20000000,986,903
chr6,20000001,21000000,987,904
chr6,21000001,22000000,988,905
chr6,22000001,23000000,989,906
chr6,23000001,24000000,990,907
chr6,24000001,25000000,991,908
chr6,25000001,26000000,992,909
chr6,27000001,28000000,993,910
chr6,34000001,35000000,1000,911
chr6,35000001,36000000,1001,912
chr6,36000001,37000000,1002,913
chr6,37000001,38000000,1003,914
chr6,38000001,39000000,1004,915
chr6,41000001,42000000,1007,916
chr6,42000001,43000000,1008,917
chr6,43000001,44000000,1009,918
chr6,44000001,45000000,1010,919
chr6,45000001,46000000,1011,920
chr6,46000001,47000000,1012,921
chr6,47000001,48000000,1013,922
chr6,48000001,49000000,1014,923
chr6,49000001,50000000,1015,924
chr6,50000001,51000000,1016,925
chr6,51000001,52000000,1017,926
chr6,52000001,53000000,1018,927
chr6,53000001,54000000,1019,928
chr6,54000001,55000000,1020,929
chr6,55000001,56000000,1021,930
chr6,56000001,57000000,1022,931
chr6,63000001,64000000,1024,932
chr6,64000001,65000000,1025,933
chr6,65000001,66000000,1026,934
chr6,69000001,70000000,1030,935
chr6,70000001,71000000,1031,936
chr6,71000001,72000000,1032,937
chr6,72000001,73000000,1033,938
chr6,73000001,74000000,1034,939
chr6,74000001,75000000,1035,940
chr6,75000001,76000000,1036,941
chr6,76000001,77000000,1037,942
chr6,77000001,78000000,1038,943
chr6,78000001,79000000,1039,944
chr6,79000001,80000000,1040,945
chr6,80000001,81000000,1041,946
chr6,81000001,82000000,1042,947
chr6,82000001,83000000,1043,948
chr6,83000001,84000000,1044,949
chr6,84000001,85000000,1045,950
chr6,85000001,86000000,1046,951
chr6,86000001,87000000,1047,952
chr6,87000001,88000000,1048,953
chr6,88000001,89000000,1049,954
chr6,89000001,90000000,1050,955
chr6,90000001,91000000,1051,956
chr6,91000001,92000000,1052,957
chr6,92000001,93000000,1053,958
chr6,93000001,94000000,1054,959
chr6,94000001,95000000,1055,960
chr6,96000001,97000000,1057,961
chr6,97000001,98000000,1058,962
chr6,98000001,99000000,1059,963
chr6,99000001,100000000,1060,964
chr6,100000001,101000000,1061,965
chr6,101000001,102000000,1062,966
chr6,104000001,105000000,1065,967
chr6,105000001,106000000,1066,968
chr6,106000001,107000000,1067,969
chr6,107000001,108000000,1068,970
chr6,108000001,109000000,1069,971
chr6,109000001,110000000,1070,972
chr6,110000001,111000000,1071,973
chr6,111000001,112000000,1072,974
chr6,112000001,113000000,1073,975
chr6,113000001,114000000,1074,976
chr6,114000001,115000000,1075,977
chr6,116000001,117000000,1077,978
chr6,117000001,118000000,1078,979
chr6,118000001,119000000,1079,980
chr6,119000001,120000000,1080,981
chr6,120000001,121000000,1081,982
chr6,121000001,122000000,1082,983
chr6,122000001,123000000,1083,984
chr6,123000001,124000000,1084,985
chr6,124000001,125000000,1085,986
chr6,125000001,126000000,1086,987
chr6,126000001,127000000,1087,988
chr6,127000001,128000000,1088,989
chr6,128000001,129000000,1089,990
chr6,129000001,130000000,1090,991
chr6,130000001,131000000,1091,992
chr6,131000001,132000000,1092,993
chr6,132000001,133000000,1093,994
chr6,133000001,134000000,1094,995
chr6,134000001,135000000,1095,996
chr6,135000001,136000000,1096,997
chr6,136000001,137000000,1097,998
chr6,137000001,138000000,1098,999
chr6,138000001,139000000,1099,1000
chr6,139000001,140000000,1100,1001
chr6,140000001,141000000,1101,1002
chr6,141000001,142000000,1102,1003
chr6,142000001,143000000,1103,1004
chr6,143000001,144000000,1104,1005
chr6,144000001,145000000,1105,1006
chr6,145000001,146000000,1106,1007
chr6,146000001,147000000,1107,1008
chr6,147000001,148000000,1108,1009
chr6,148000001,149000000,1109,1010
chr6,149000001,150000000,1110,1011
chr6,150000001,151000000,1111,1012
chr6,151000001,152000000,1112,1013
chr6,152000001,153000000,1113,1014
chr6,153000001,154000000,1114,1015
chr6,154000001,155000000,1115,1016
chr6,155000001,156000000,1116,1017
chr6,156000001,157000000,1117,1018
chr6,157000001,158000000,1118,1019
chr6,158000001,159000000,1119,1020
chr6,159000001,160000000,1120,1021
chr6,160000001,161000000,1121,1022
chr6,161000001,162000000,1122,1023
chr6,162000001,163000000,1123,1024
chr6,163000001,164000000,1124,1025
chr6,164000001,165000000,1125,1026
chr6,165000001,166000000,1126,1027
chr6,166000001,167000000,1127,1028
chr6,167000001,168000000,1128,1029
chr6,168000001,169000000,1129,1030
chr6,169000001,170000000,1130,1031
chr7,1000001,2000000,1132,1032
chr7,2000001,3000000,1133,1033
chr7,3000001,4000000,1134,1034
chr7,4000001,5000000,1135,1035
chr7,7000001,8000000,1137,1036
chr7,8000001,9000000,1138,1037
chr7,9000001,10000000,1139,1038
chr7,10000001,11000000,1140,1039
chr7,11000001,12000000,1141,1040
chr7,12000001,13000000,1142,1041
chr7,13000001,14000000,1143,1042
chr7,14000001,15000000,1144,1043
chr7,15000001,16000000,1145,1044
chr7,16000001,17000000,1146,1045
chr7,17000001,18000000,1147,1046
chr7,18000001,19000000,1148,1047
chr7,19000001,20000000,1149,1048
chr7,20000001,21000000,1150,1049
chr7,21000001,22000000,1151,1050
chr7,22000001,23000000,1152,1051
chr7,23000001,24000000,1153,1052
chr7,24000001,25000000,1154,1053
chr7,25000001,26000000,1155,1054
chr7,26000001,27000000,1156,1055
chr7,27000001,28000000,1157,1056
chr7,28000001,29000000,1158,1057
chr7,29000001,30000000,1159,1058
chr7,30000001,31000000,1160,1059
chr7,31000001,32000000,1161,1060
chr7,32000001,33000000,1162,1061
chr7,33000001,34000000,1163,1062
chr7,34000001,35000000,1164,1063
chr7,36000001,37000000,1165,1064
chr7,37000001,38000000,1166,1065
chr7,38000001,39000000,1167,1066
chr7,39000001,40000000,1168,1067
chr7,40000001,41000000,1169,1068
chr7,41000001,42000000,1170,1069
chr7,42000001,43000000,1171,1070
chr7,43000001,44000000,1172,1071
chr7,44000001,45000000,1173,1072
chr7,45000001,46000000,1174,1073
chr7,46000001,47000000,1175,1074
chr7,48000001,49000000,1177,1075
chr7,49000001,50000000,1178,1076
chr7,50000001,51000000,1179,1077
chr7,51000001,52000000,1180,1078
chr7,52000001,53000000,1181,1079
chr7,53000001,54000000,1182,1080
chr7,54000001,55000000,1183,1081
chr7,55000001,56000000,1184,1082
chr7,67000001,68000000,1185,1083
chr7,68000001,69000000,1186,1084
chr7,70000001,71000000,1188,1085
chr7,71000001,72000000,1189,1086
chr7,73000001,74000000,1190,1087
chr7,77000001,78000000,1192,1088
chr7,78000001,79000000,1193,1089
chr7,79000001,80000000,1194,1090
chr7,80000001,81000000,1195,1091
chr7,81000001,82000000,1196,1092
chr7,82000001,83000000,1197,1093
chr7,83000001,84000000,1198,1094
chr7,84000001,85000000,1199,1095
chr7,85000001,86000000,1200,1096
chr7,86000001,87000000,1201,1097
chr7,87000001,88000000,1202,1098
chr7,88000001,89000000,1203,1099
chr7,89000001,90000000,1204,1100
chr7,90000001,91000000,1205,1101
chr7,91000001,92000000,1206,1102
chr7,92000001,93000000,1207,1103
chr7,93000001,94000000,1208,1104
chr7,94000001,95000000,1209,1105
chr7,95000001,96000000,1210,1106
chr7,96000001,97000000,1211,1107
chr7,97000001,98000000,1212,1108
chr7,98000001,99000000,1213,1109
chr7,101000001,102000000,1216,1110
chr7,103000001,104000000,1217,1111
chr7,104000001,105000000,1218,1112
chr7,105000001,106000000,1219,1113
chr7,106000001,107000000,1220,1114
chr7,107000001,108000000,1221,1115
chr7,108000001,109000000,1222,1116
chr7,110000001,111000000,1224,1117
chr7,111000001,112000000,1225,1118
chr7,112000001,113000000,1226,1119
chr7,113000001,114000000,1227,1120
chr7,114000001,115000000,1228,1121
chr7,115000001,116000000,1229,1122
chr7,116000001,117000000,1230,1123
chr7,117000001,118000000,1231,1124
chr7,118000001,119000000,1232,1125
chr7,119000001,120000000,1233,1126
chr7,120000001,121000000,1234,1127
chr7,121000001,122000000,1235,1128
chr7,122000001,123000000,1236,1129
chr7,123000001,124000000,1237,1130
chr7,124000001,125000000,1238,1131
chr7,125000001,126000000,1239,1132
chr7,126000001,127000000,1240,1133
chr7,127000001,128000000,1241,1134
chr7,128000001,129000000,1242,1135
chr7,129000001,130000000,1243,1136
chr7,132000001,133000000,1246,1137
chr7,133000001,134000000,1247,1138
chr7,134000001,135000000,1248,1139
chr7,135000001,136000000,1249,1140
chr7,136000001,137000000,1250,1141
chr7,137000001,138000000,1251,1142
chr7,138000001,139000000,1252,1143
chr7,139000001,140000000,1253,1144
chr7,140000001,141000000,1254,1145
chr7,141000001,142000000,1255,1146
chr7,144000001,145000000,1257,1147
chr7,145000001,146000000,1258,1148
chr7,146000001,147000000,1259,1149
chr7,147000001,148000000,1260,1150
chr7,148000001,149000000,1261,1151
chr7,150000001,151000000,1262,1152
chr7,151000001,152000000,1263,1153
chr7,152000001,153000000,1264,1154
chr7,154000001,155000000,1265,1155
chr7,155000001,156000000,1266,1156
chr7,156000001,157000000,1267,1157
chr7,157000001,158000000,1268,1158
chr7,158000001,159000000,1269,1159
chr8,1000001,2000000,1270,1160
chr8,2000001,3000000,1271,1161
chr8,3000001,4000000,1272,1162
chr8,4000001,5000000,1273,1163
chr8,5000001,6000000,1274,1164
chr8,6000001,7000000,1275,1165
chr8,8000001,9000000,1276,1166
chr8,9000001,10000000,1277,1167
chr8,11000001,12000000,1279,1168
chr8,13000001,14000000,1280,1169
chr8,14000001,15000000,1281,1170
chr8,15000001,16000000,1282,1171
chr8,16000001,17000000,1283,1172
chr8,17000001,18000000,1284,1173
chr8,18000001,19000000,1285,1174
chr8,19000001,20000000,1286,1175
chr8,21000001,22000000,1288,1176
chr8,22000001,23000000,1289,1177
chr8,23000001,24000000,1290,1178
chr8,24000001,25000000,1291,1179
chr8,25000001,26000000,1292,1180
chr8,26000001,27000000,1293,1181
chr8,27000001,28000000,1294,1182
chr8,28000001,29000000,1295,1183
chr8,29000001,30000000,1296,1184
chr8,30000001,31000000,1297,1185
chr8,31000001,32000000,1298,1186
chr8,32000001,33000000,1299,1187
chr8,33000001,34000000,1300,1188
chr8,34000001,35000000,1301,1189
chr8,35000001,36000000,1302,1190
chr8,36000001,37000000,1303,1191
chr8,37000001,38000000,1304,1192
chr8,38000001,39000000,1305,1193
chr8,39000001,40000000,1306,1194
chr8,40000001,41000000,1307,1195
chr8,41000001,42000000,1308,1196
chr8,42000001,43000000,1309,1197
chr8,47000001,48000000,1310,1198
chr8,48000001,49000000,1311,1199
chr8,49000001,50000000,1312,1200
chr8,50000001,51000000,1313,1201
chr8,51000001,52000000,1314,1202
chr8,52000001,53000000,1315,1203
chr8,53000001,54000000,1316,1204
chr8,54000001,55000000,1317,1205
chr8,55000001,56000000,1318,1206
chr8,56000001,57000000,1319,1207
chr8,57000001,58000000,1320,1208
chr8,58000001,59000000,1321,1209
chr8,59000001,60000000,1322,1210
chr8,60000001,61000000,1323,1211
chr8,61000001,62000000,1324,1212
chr8,62000001,63000000,1325,1213
chr8,63000001,64000000,1326,1214
chr8,64000001,65000000,1327,1215
chr8,65000001,66000000,1328,1216
chr8,66000001,67000000,1329,1217
chr8,67000001,68000000,1330,1218
chr8,68000001,69000000,1331,1219
chr8,69000001,70000000,1332,1220
chr8,70000001,71000000,1333,1221
chr8,71000001,72000000,1334,1222
chr8,72000001,73000000,1335,1223
chr8,73000001,74000000,1336,1224
chr8,74000001,75000000,1337,1225
chr8,75000001,76000000,1338,1226
chr8,76000001,77000000,1339,1227
chr8,77000001,78000000,1340,1228
chr8,78000001,79000000,1341,1229
chr8,79000001,80000000,1342,1230
chr8,80000001,81000000,1343,1231
chr8,81000001,82000000,1344,1232
chr8,82000001,83000000,1345,1233
chr8,83000001,84000000,1346,1234
chr8,85000001,86000000,1348,1235
chr8,87000001,88000000,1349,1236
chr8,88000001,89000000,1350,1237
chr8,89000001,90000000,1351,1238
chr8,90000001,91000000,1352,1239
chr8,91000001,92000000,1353,1240
chr8,92000001,93000000,1354,1241
chr8,93000001,94000000,1355,1242
chr8,94000001,95000000,1356,1243
chr8,95000001,96000000,1357,1244
chr8,96000001,97000000,1358,1245
chr8,97000001,98000000,1359,1246
chr8,98000001,99000000,1360,1247
chr8,99000001,100000000,1361,1248
chr8,100000001,101000000,1362,1249
chr8,101000001,102000000,1363,1250
chr8,102000001,103000000,1364,1251
chr8,103000001,104000000,1365,1252
chr8,104000001,105000000,1366,1253
chr8,105000001,106000000,1367,1254
chr8,106000001,107000000,1368,1255
chr8,107000001,108000000,1369,1256
chr8,108000001,109000000,1370,1257
chr8,109000001,110000000,1371,1258
chr8,110000001,111000000,1372,1259
chr8,111000001,112000000,1373,1260
chr8,112000001,113000000,1374,1261
chr8,113000001,114000000,1375,1262
chr8,114000001,115000000,1376,1263
chr8,116000001,117000000,1378,1264
chr8,117000001,118000000,1379,1265
chr8,118000001,119000000,1380,1266
chr8,119000001,120000000,1381,1267
chr8,120000001,121000000,1382,1268
chr8,121000001,122000000,1383,1269
chr8,122000001,123000000,1384,1270
chr8,123000001,124000000,1385,1271
chr8,124000001,125000000,1386,1272
chr8,125000001,126000000,1387,1273
chr8,126000001,127000000,1388,1274
chr8,127000001,128000000,1389,1275
chr8,128000001,129000000,1390,1276
chr8,129000001,130000000,1391,1277
chr8,130000001,131000000,1392,1278
chr8,131000001,132000000,1393,1279
chr8,132000001,133000000,1394,1280
chr8,133000001,134000000,1395,1281
chr8,134000001,135000000,1396,1282
chr8,135000001,136000000,1397,1283
chr8,136000001,137000000,1398,1284
chr8,137000001,138000000,1399,1285
chr8,138000001,139000000,1400,1286
chr8,139000001,140000000,1401,1287
chr8,141000001,142000000,1403,1288
chr8,142000001,143000000,1404,1289
chr8,144000001,145000000,1406,1290
chr9,1000001,2000000,1408,1291
chr9,2000001,3000000,1409,1292
chr9,3000001,4000000,1410,1293
chr9,4000001,5000000,1411,1294
chr9,5000001,6000000,1412,1295
chr9,6000001,7000000,1413,1296
chr9,7000001,8000000,1414,1297
chr9,8000001,9000000,1415,1298
chr9,9000001,10000000,1416,1299
chr9,10000001,11000000,1417,1300
chr9,11000001,12000000,1418,1301
chr9,12000001,13000000,1419,1302
chr9,13000001,14000000,1420,1303
chr9,14000001,15000000,1421,1304
chr9,15000001,16000000,1422,1305
chr9,16000001,17000000,1423,1306
chr9,17000001,18000000,1424,1307
chr9,18000001,19000000,1425,1308
chr9,19000001,20000000,1426,1309
chr9,20000001,21000000,1427,1310
chr9,21000001,22000000,1428,1311
chr9,22000001,23000000,1429,1312
chr9,23000001,24000000,1430,1313
chr9,24000001,25000000,1431,1314
chr9,25000001,26000000,1432,1315
chr9,26000001,27000000,1433,1316
chr9,27000001,28000000,1434,1317
chr9,28000001,29000000,1435,1318
chr9,29000001,30000000,1436,1319
chr9,31000001,32000000,1438,1320
chr9,32000001,33000000,1439,1321
chr9,34000001,35000000,1441,1322
chr9,35000001,36000000,1442,1323
chr9,36000001,37000000,1443,1324
chr9,37000001,38000000,1444,1325
chr9,71000001,72000000,1445,1326
chr9,72000001,73000000,1446,1327
chr9,73000001,74000000,1447,1328
chr9,74000001,75000000,1448,1329
chr9,75000001,76000000,1449,1330
chr9,76000001,77000000,1450,1331
chr9,77000001,78000000,1451,1332
chr9,78000001,79000000,1452,1333
chr9,79000001,80000000,1453,1334
chr9,80000001,81000000,1454,1335
chr9,81000001,82000000,1455,1336
chr9,82000001,83000000,1456,1337
chr9,83000001,84000000,1457,1338
chr9,84000001,85000000,1458,1339
chr9,85000001,86000000,1459,1340
chr9,86000001,87000000,1460,1341
chr9,87000001,88000000,1461,1342
chr9,88000001,89000000,1462,1343
chr9,89000001,90000000,1463,1344
chr9,90000001,91000000,1464,1345
chr9,91000001,92000000,1465,1346
chr9,93000001,94000000,1467,1347
chr9,94000001,95000000,1468,1348
chr9,95000001,96000000,1469,1349
chr9,96000001,97000000,1470,1350
chr9,97000001,98000000,1471,1351
chr9,98000001,99000000,1472,1352
chr9,100000001,101000000,1473,1353
chr9,102000001,103000000,1475,1354
chr9,103000001,104000000,1476,1355
chr9,104000001,105000000,1477,1356
chr9,105000001,106000000,1478,1357
chr9,106000001,107000000,1479,1358
chr9,107000001,108000000,1480,1359
chr9,108000001,109000000,1481,1360
chr9,110000001,111000000,1483,1361
chr9,111000001,112000000,1484,1362
chr9,113000001,114000000,1486,1363
chr9,114000001,115000000,1487,1364
chr9,115000001,116000000,1488,1365
chr9,116000001,117000000,1489,1366
chr9,118000001,119000000,1491,1367
chr9,119000001,120000000,1492,1368
chr9,120000001,121000000,1493,1369
chr9,121000001,122000000,1494,1370
chr9,122000001,123000000,1495,1371
chr9,123000001,124000000,1496,1372
chr9,124000001,125000000,1497,1373
chr9,125000001,126000000,1498,1374
chr9,126000001,127000000,1499,1375
chr9,127000001,128000000,1500,1376
chr9,128000001,129000000,1501,1377
chr9,130000001,131000000,1503,1378
chr9,131000001,132000000,1504,1379
chr9,132000001,133000000,1505,1380
chr9,133000001,134000000,1506,1381
chr9,134000001,135000000,1507,1382
chr9,135000001,136000000,1508,1383
chr9,136000001,137000000,1509,1384
chr9,137000001,138000000,1510,1385
chr9,139000001,140000000,1512,1386
chr9,140000001,141000000,1513,1387
chr10,1000001,2000000,1514,1388
chr10,2000001,3000000,1515,1389
chr10,3000001,4000000,1516,1390
chr10,4000001,5000000,1517,1391
chr10,5000001,6000000,1518,1392
chr10,6000001,7000000,1519,1393
chr10,7000001,8000000,1520,1394
chr10,8000001,9000000,1521,1395
chr10,9000001,10000000,1522,1396
chr10,10000001,11000000,1523,1397
chr10,11000001,12000000,1524,1398
chr10,12000001,13000000,1525,1399
chr10,13000001,14000000,1526,1400
chr10,14000001,15000000,1527,1401
chr10,15000001,16000000,1528,1402
chr10,16000001,17000000,1529,1403
chr10,19000001,20000000,1530,1404
chr10,20000001,21000000,1531,1405
chr10,21000001,22000000,1532,1406
chr10,22000001,23000000,1533,1407
chr10,23000001,24000000,1534,1408
chr10,24000001,25000000,1535,1409
chr10,25000001,26000000,1536,1410
chr10,26000001,27000000,1537,1411
chr10,27000001,28000000,1538,1412
chr10,28000001,29000000,1539,1413
chr10,29000001,30000000,1540,1414
chr10,30000001,31000000,1541,1415
chr10,31000001,32000000,1542,1416
chr10,32000001,33000000,1543,1417
chr10,33000001,34000000,1544,1418
chr10,34000001,35000000,1545,1419
chr10,35000001,36000000,1546,1420
chr10,36000001,37000000,1547,1421
chr10,43000001,44000000,1549,1422
chr10,44000001,45000000,1550,1423
chr10,45000001,46000000,1551,1424
chr10,52000001,53000000,1553,1425
chr10,53000001,54000000,1554,1426
chr10,54000001,55000000,1555,1427
chr10,55000001,56000000,1556,1428
chr10,56000001,57000000,1557,1429
chr10,58000001,59000000,1559,1430
chr10,59000001,60000000,1560,1431
chr10,60000001,61000000,1561,1432
chr10,61000001,62000000,1562,1433
chr10,62000001,63000000,1563,1434
chr10,63000001,64000000,1564,1435
chr10,64000001,65000000,1565,1436
chr10,65000001,66000000,1566,1437
chr10,66000001,67000000,1567,1438
chr10,67000001,68000000,1568,1439
chr10,68000001,69000000,1569,1440
chr10,69000001,70000000,1570,1441
chr10,70000001,71000000,1571,1442
chr10,73000001,74000000,1574,1443
chr10,74000001,75000000,1575,1444
chr10,75000001,76000000,1576,1445
chr10,76000001,77000000,1577,1446
chr10,78000001,79000000,1579,1447
chr10,82000001,83000000,1582,1448
chr10,83000001,84000000,1583,1449
chr10,84000001,85000000,1584,1450
chr10,85000001,86000000,1585,1451
chr10,86000001,87000000,1586,1452
chr10,87000001,88000000,1587,1453
chr10,88000001,89000000,1588,1454
chr10,90000001,91000000,1589,1455
chr10,91000001,92000000,1590,1456
chr10,92000001,93000000,1591,1457
chr10,93000001,94000000,1592,1458
chr10,94000001,95000000,1593,1459
chr10,95000001,96000000,1594,1460
chr10,96000001,97000000,1595,1461
chr10,97000001,98000000,1596,1462
chr10,98000001,99000000,1597,1463
chr10,99000001,100000000,1598,1464
chr10,100000001,101000000,1599,1465
chr10,101000001,102000000,1600,1466
chr10,102000001,103000000,1601,1467
chr10,103000001,104000000,1602,1468
chr10,104000001,105000000,1603,1469
chr10,105000001,106000000,1604,1470
chr10,106000001,107000000,1605,1471
chr10,107000001,108000000,1606,1472
chr10,108000001,109000000,1607,1473
chr10,109000001,110000000,1608,1474
chr10,110000001,111000000,1609,1475
chr10,111000001,112000000,1610,1476
chr10,112000001,113000000,1611,1477
chr10,113000001,114000000,1612,1478
chr10,114000001,115000000,1613,1479
chr10,115000001,116000000,1614,1480
chr10,116000001,117000000,1615,1481
chr10,117000001,118000000,1616,1482
chr10,118000001,119000000,1617,1483
chr10,119000001,120000000,1618,1484
chr10,120000001,121000000,1619,1485
chr10,121000001,122000000,1620,1486
chr10,122000001,123000000,1621,1487
chr10,123000001,124000000,1622,1488
chr10,124000001,125000000,1623,1489
chr10,125000001,126000000,1624,1490
chr10,126000001,127000000,1625,1491
chr10,127000001,128000000,1626,1492
chr10,128000001,129000000,1627,1493
chr10,131000001,132000000,1630,1494
chr10,133000001,134000000,1632,1495
chr10,134000001,135000000,1633,1496
chr11,1000001,2000000,1634,1497
chr11,5000001,6000000,1636,1498
chr11,6000001,7000000,1637,1499
chr11,7000001,8000000,1638,1500
chr11,8000001,9000000,1639,1501
chr11,9000001,10000000,1640,1502
chr11,10000001,11000000,1641,1503
chr11,13000001,14000000,1644,1504
chr11,14000001,15000000,1645,1505
chr11,15000001,16000000,1646,1506
chr11,16000001,17000000,1647,1507
chr11,17000001,18000000,1648,1508
chr11,18000001,19000000,1649,1509
chr11,20000001,21000000,1651,1510
chr11,21000001,22000000,1652,1511
chr11,22000001,23000000,1653,1512
chr11,23000001,24000000,1654,1513
chr11,24000001,25000000,1655,1514
chr11,26000001,27000000,1657,1515
chr11,27000001,28000000,1658,1516
chr11,28000001,29000000,1659,1517
chr11,29000001,30000000,1660,1518
chr11,30000001,31000000,1661,1519
chr11,31000001,32000000,1662,1520
chr11,32000001,33000000,1663,1521
chr11,33000001,34000000,1664,1522
chr11,34000001,35000000,1665,1523
chr11,35000001,36000000,1666,1524
chr11,36000001,37000000,1667,1525
chr11,37000001,38000000,1668,1526
chr11,38000001,39000000,1669,1527
chr11,39000001,40000000,1670,1528
chr11,40000001,41000000,1671,1529
chr11,41000001,42000000,1672,1530
chr11,42000001,43000000,1673,1531
chr11,43000001,44000000,1674,1532
chr11,46000001,47000000,1677,1533
chr11,47000001,48000000,1678,1534
chr11,56000001,57000000,1681,1535
chr11,57000001,58000000,1682,1536
chr11,58000001,59000000,1683,1537
chr11,59000001,60000000,1684,1538
chr11,60000001,61000000,1685,1539
chr11,61000001,62000000,1686,1540
chr11,62000001,63000000,1687,1541
chr11,63000001,64000000,1688,1542
chr11,64000001,65000000,1689,1543
chr11,66000001,67000000,1691,1544
chr11,68000001,69000000,1692,1545
chr11,69000001,70000000,1693,1546
chr11,72000001,73000000,1695,1547
chr11,73000001,74000000,1696,1548
chr11,74000001,75000000,1697,1549
chr11,75000001,76000000,1698,1550
chr11,76000001,77000000,1699,1551
chr11,77000001,78000000,1700,1552
chr11,78000001,79000000,1701,1553
chr11,79000001,80000000,1702,1554
chr11,80000001,81000000,1703,1555
chr11,81000001,82000000,1704,1556
chr11,82000001,83000000,1705,1557
chr11,83000001,84000000,1706,1558
chr11,84000001,85000000,1707,1559
chr11,85000001,86000000,1708,1560
chr11,86000001,87000000,1709,1561
chr11,87000001,88000000,1710,1562
chr11,90000001,91000000,1712,1563
chr11,91000001,92000000,1713,1564
chr11,92000001,93000000,1714,1565
chr11,93000001,94000000,1715,1566
chr11,94000001,95000000,1716,1567
chr11,95000001,96000000,1717,1568
chr11,97000001,98000000,1719,1569
chr11,98000001,99000000,1720,1570
chr11,99000001,100000000,1721,1571
chr11,100000001,101000000,1722,1572
chr11,101000001,102000000,1723,1573
chr11,102000001,103000000,1724,1574
chr11,103000001,104000000,1725,1575
chr11,104000001,105000000,1726,1576
chr11,105000001,106000000,1727,1577
chr11,106000001,107000000,1728,1578
chr11,107000001,108000000,1729,1579
chr11,108000001,109000000,1730,1580
chr11,109000001,110000000,1731,1581
chr11,110000001,111000000,1732,1582
chr11,111000001,112000000,1733,1583
chr11,112000001,113000000,1734,1584
chr11,114000001,115000000,1736,1585
chr11,115000001,116000000,1737,1586
chr11,116000001,117000000,1738,1587
chr11,118000001,119000000,1740,1588
chr11,121000001,122000000,1743,1589
chr11,122000001,123000000,1744,1590
chr11,123000001,124000000,1745,1591
chr11,124000001,125000000,1746,1592
chr11,125000001,126000000,1747,1593
chr11,127000001,128000000,1749,1594
chr11,128000001,129000000,1750,1595
chr11,129000001,130000000,1751,1596
chr11,130000001,131000000,1752,1597
chr11,132000001,133000000,1754,1598
chr12,1000001,2000000,1756,1599
chr12,4000001,5000000,1759,1600
chr12,6000001,7000000,1761,1601
chr12,10000001,11000000,1763,1602
chr12,11000001,12000000,1764,1603
chr12,12000001,13000000,1765,1604
chr12,13000001,14000000,1766,1605
chr12,14000001,15000000,1767,1606
chr12,15000001,16000000,1768,1607
chr12,16000001,17000000,1769,1608
chr12,17000001,18000000,1770,1609
chr12,18000001,19000000,1771,1610
chr12,19000001,20000000,1772,1611
chr12,20000001,21000000,1773,1612
chr12,21000001,22000000,1774,1613
chr12,22000001,23000000,1775,1614
chr12,23000001,24000000,1776,1615
chr12,24000001,25000000,1777,1616
chr12,25000001,26000000,1778,1617
chr12,26000001,27000000,1779,1618
chr12,27000001,28000000,1780,1619
chr12,28000001,29000000,1781,1620
chr12,29000001,30000000,1782,1621
chr12,30000001,31000000,1783,1622
chr12,31000001,32000000,1784,1623
chr12,32000001,33000000,1785,1624
chr12,33000001,34000000,1786,1625
chr12,39000001,40000000,1788,1626
chr12,40000001,41000000,1789,1627
chr12,41000001,42000000,1790,1628
chr12,42000001,43000000,1791,1629
chr12,43000001,44000000,1792,1630
chr12,44000001,45000000,1793,1631
chr12,45000001,46000000,1794,1632
chr12,46000001,47000000,1795,1633
chr12,47000001,48000000,1796,1634
chr12,48000001,49000000,1797,1635
chr12,49000001,50000000,1798,1636
chr12,50000001,51000000,1799,1637
chr12,51000001,52000000,1800,1638
chr12,53000001,54000000,1802,1639
chr12,54000001,55000000,1803,1640
chr12,56000001,57000000,1804,1641
chr12,57000001,58000000,1805,1642
chr12,58000001,59000000,1806,1643
chr12,59000001,60000000,1807,1644
chr12,60000001,61000000,1808,1645
chr12,61000001,62000000,1809,1646
chr12,62000001,63000000,1810,1647
chr12,63000001,64000000,1811,1648
chr12,64000001,65000000,1812,1649
chr12,65000001,66000000,1813,1650
chr12,66000001,67000000,1814,1651
chr12,67000001,68000000,1815,1652
chr12,68000001,69000000,1816,1653
chr12,69000001,70000000,1817,1654
chr12,70000001,71000000,1818,1655
chr12,71000001,72000000,1819,1656
chr12,72000001,73000000,1820,1657
chr12,73000001,74000000,1821,1658
chr12,74000001,75000000,1822,1659
chr12,75000001,76000000,1823,1660
chr12,76000001,77000000,1824,1661
chr12,77000001,78000000,1825,1662
chr12,78000001,79000000,1826,1663
chr12,79000001,80000000,1827,1664
chr12,80000001,81000000,1828,1665
chr12,81000001,82000000,1829,1666
chr12,82000001,83000000,1830,1667
chr12,83000001,84000000,1831,1668
chr12,85000001,86000000,1833,1669
chr12,86000001,87000000,1834,1670
chr12,88000001,89000000,1836,1671
chr12,89000001,90000000,1837,1672
chr12,90000001,91000000,1838,1673
chr12,91000001,92000000,1839,1674
chr12,92000001,93000000,1840,1675
chr12,93000001,94000000,1841,1676
chr12,94000001,95000000,1842,1677
chr12,95000001,96000000,1843,1678
chr12,96000001,97000000,1844,1679
chr12,97000001,98000000,1845,1680
chr12,98000001,99000000,1846,1681
chr12,99000001,100000000,1847,1682
chr12,100000001,101000000,1848,1683
chr12,101000001,102000000,1849,1684
chr12,102000001,103000000,1850,1685
chr12,103000001,104000000,1851,1686
chr12,104000001,105000000,1852,1687
chr12,105000001,106000000,1853,1688
chr12,106000001,107000000,1854,1689
chr12,107000001,108000000,1855,1690
chr12,109000001,110000000,1857,1691
chr12,110000001,111000000,1858,1692
chr12,111000001,112000000,1859,1693
chr12,112000001,113000000,1860,1694
chr12,115000001,116000000,1863,1695
chr12,116000001,117000000,1864,1696
chr12,118000001,119000000,1866,1697
chr12,119000001,120000000,1867,1698
chr12,120000001,121000000,1868,1699
chr12,121000001,122000000,1869,1700
chr12,123000001,124000000,1871,1701
chr12,124000001,125000000,1872,1702
chr12,125000001,126000000,1873,1703
chr12,126000001,127000000,1874,1704
chr12,127000001,128000000,1875,1705
chr12,128000001,129000000,1876,1706
chr12,129000001,130000000,1877,1707
chr12,130000001,131000000,1878,1708
chr12,131000001,132000000,1879,1709
chr13,20000001,21000000,1881,1710
chr13,21000001,22000000,1882,1711
chr13,22000001,23000000,1883,1712
chr13,23000001,24000000,1884,1713
chr13,24000001,25000000,1885,1714
chr13,25000001,26000000,1886,1715
chr13,26000001,27000000,1887,1716
chr13,27000001,28000000,1888,1717
chr13,28000001,29000000,1889,1718
chr13,29000001,30000000,1890,1719
chr13,30000001,31000000,1891,1720
chr13,31000001,32000000,1892,1721
chr13,32000001,33000000,1893,1722
chr13,33000001,34000000,1894,1723
chr13,34000001,35000000,1895,1724
chr13,35000001,36000000,1896,1725
chr13,36000001,37000000,1897,1726
chr13,37000001,38000000,1898,1727
chr13,38000001,39000000,1899,1728
chr13,39000001,40000000,1900,1729
chr13,40000001,41000000,1901,1730
chr13,41000001,42000000,1902,1731
chr13,42000001,43000000,1903,1732
chr13,43000001,44000000,1904,1733
chr13,44000001,45000000,1905,1734
chr13,45000001,46000000,1906,1735
chr13,46000001,47000000,1907,1736
chr13,47000001,48000000,1908,1737
chr13,48000001,49000000,1909,1738
chr13,49000001,50000000,1910,1739
chr13,50000001,51000000,1911,1740
chr13,51000001,52000000,1912,1741
chr13,53000001,54000000,1914,1742
chr13,54000001,55000000,1915,1743
chr13,55000001,56000000,1916,1744
chr13,58000001,59000000,1919,1745
chr13,59000001,60000000,1920,1746
chr13,60000001,61000000,1921,1747
chr13,61000001,62000000,1922,1748
chr13,62000001,63000000,1923,1749
chr13,65000001,66000000,1926,1750
chr13,66000001,67000000,1927,1751
chr13,67000001,68000000,1928,1752
chr13,68000001,69000000,1929,1753
chr13,70000001,71000000,1931,1754
chr13,71000001,72000000,1932,1755
chr13,72000001,73000000,1933,1756
chr13,73000001,74000000,1934,1757
chr13,74000001,75000000,1935,1758
chr13,75000001,76000000,1936,1759
chr13,76000001,77000000,1937,1760
chr13,77000001,78000000,1938,1761
chr13,78000001,79000000,1939,1762
chr13,79000001,80000000,1940,1763
chr13,80000001,81000000,1941,1764
chr13,81000001,82000000,1942,1765
chr13,83000001,84000000,1944,1766
chr13,84000001,85000000,1945,1767
chr13,85000001,86000000,1946,1768
chr13,88000001,89000000,1949,1769
chr13,89000001,90000000,1950,1770
chr13,90000001,91000000,1951,1771
chr13,91000001,92000000,1952,1772
chr13,92000001,93000000,1953,1773
chr13,93000001,94000000,1954,1774
chr13,94000001,95000000,1955,1775
chr13,95000001,96000000,1956,1776
chr13,96000001,97000000,1957,1777
chr13,97000001,98000000,1958,1778
chr13,98000001,99000000,1959,1779
chr13,99000001,100000000,1960,1780
chr13,100000001,101000000,1961,1781
chr13,101000001,102000000,1962,1782
chr13,102000001,103000000,1963,1783
chr13,103000001,104000000,1964,1784
chr13,104000001,105000000,1965,1785
chr13,105000001,106000000,1966,1786
chr13,106000001,107000000,1967,1787
chr13,107000001,108000000,1968,1788
chr13,108000001,109000000,1969,1789
chr13,109000001,110000000,1970,1790
chr13,110000001,111000000,1971,1791
chr13,111000001,112000000,1972,1792
chr13,113000001,114000000,1974,1793
chr14,21000001,22000000,1976,1794
chr14,22000001,23000000,1977,1795
chr14,23000001,24000000,1978,1796
chr14,24000001,25000000,1979,1797
chr14,25000001,26000000,1980,1798
chr14,26000001,27000000,1981,1799
chr14,27000001,28000000,1982,1800
chr14,29000001,30000000,1984,1801
chr14,30000001,31000000,1985,1802
chr14,31000001,32000000,1986,1803
chr14,32000001,33000000,1987,1804
chr14,33000001,34000000,1988,1805
chr14,34000001,35000000,1989,1806
chr14,35000001,36000000,1990,1807
chr14,36000001,37000000,1991,1808
chr14,37000001,38000000,1992,1809
chr14,38000001,39000000,1993,1810
chr14,39000001,40000000,1994,1811
chr14,40000001,41000000,1995,1812
chr14,42000001,43000000,1997,1813
chr14,44000001,45000000,1999,1814
chr14,45000001,46000000,2000,1815
chr14,46000001,47000000,2001,1816
chr14,47000001,48000000,2002,1817
chr14,48000001,49000000,2003,1818
chr14,49000001,50000000,2004,1819
chr14,50000001,51000000,2005,1820
chr14,51000001,52000000,2006,1821
chr14,52000001,53000000,2007,1822
chr14,53000001,54000000,2008,1823
chr14,54000001,55000000,2009,1824
chr14,55000001,56000000,2010,1825
chr14,56000001,57000000,2011,1826
chr14,57000001,58000000,2012,1827
chr14,58000001,59000000,2013,1828
chr14,59000001,60000000,2014,1829
chr14,60000001,61000000,2015,1830
chr14,61000001,62000000,2016,1831
chr14,62000001,63000000,2017,1832
chr14,63000001,64000000,2018,1833
chr14,64000001,65000000,2019,1834
chr14,65000001,66000000,2020,1835
chr14,66000001,67000000,2021,1836
chr14,67000001,68000000,2022,1837
chr14,68000001,69000000,2023,1838
chr14,69000001,70000000,2024,1839
chr14,70000001,71000000,2025,1840
chr14,71000001,72000000,2026,1841
chr14,72000001,73000000,2027,1842
chr14,73000001,74000000,2028,1843
chr14,74000001,75000000,2029,1844
chr14,75000001,76000000,2030,1845
chr14,77000001,78000000,2032,1846
chr14,78000001,79000000,2033,1847
chr14,79000001,80000000,2034,1848
chr14,80000001,81000000,2035,1849
chr14,81000001,82000000,2036,1850
chr14,82000001,83000000,2037,1851
chr14,83000001,84000000,2038,1852
chr14,84000001,85000000,2039,1853
chr14,85000001,86000000,2040,1854
chr14,86000001,87000000,2041,1855
chr14,87000001,88000000,2042,1856
chr14,88000001,89000000,2043,1857
chr14,89000001,90000000,2044,1858
chr14,90000001,91000000,2045,1859
chr14,91000001,92000000,2046,1860
chr14,92000001,93000000,2047,1861
chr14,93000001,94000000,2048,1862
chr14,97000001,98000000,2052,1863
chr14,98000001,99000000,2053,1864
chr14,99000001,100000000,2054,1865
chr14,100000001,101000000,2055,1866
chr14,102000001,103000000,2057,1867
chr14,103000001,104000000,2058,1868
chr14,105000001,106000000,2060,1869
chr15,25000001,26000000,2061,1870
chr15,26000001,27000000,2062,1871
chr15,27000001,28000000,2063,1872
chr15,29000001,30000000,2064,1873
chr15,31000001,32000000,2065,1874
chr15,35000001,36000000,2068,1875
chr15,36000001,37000000,2069,1876
chr15,37000001,38000000,2070,1877
chr15,38000001,39000000,2071,1878
chr15,39000001,40000000,2072,1879
chr15,40000001,41000000,2073,1880
chr15,41000001,42000000,2074,1881
chr15,42000001,43000000,2075,1882
chr15,44000001,45000000,2077,1883
chr15,45000001,46000000,2078,1884
chr15,46000001,47000000,2079,1885
chr15,47000001,48000000,2080,1886
chr15,48000001,49000000,2081,1887
chr15,49000001,50000000,2082,1888
chr15,50000001,51000000,2083,1889
chr15,51000001,52000000,2084,1890
chr15,52000001,53000000,2085,1891
chr15,53000001,54000000,2086,1892
chr15,54000001,55000000,2087,1893
chr15,55000001,56000000,2088,1894
chr15,56000001,57000000,2089,1895
chr15,57000001,58000000,2090,1896
chr15,58000001,59000000,2091,1897
chr15,59000001,60000000,2092,1898
chr15,60000001,61000000,2093,1899
chr15,62000001,63000000,2095,1900
chr15,63000001,64000000,2096,1901
chr15,64000001,65000000,2097,1902
chr15,65000001,66000000,2098,1903
chr15,66000001,67000000,2099,1904
chr15,67000001,68000000,2100,1905
chr15,68000001,69000000,2101,1906
chr15,69000001,70000000,2102,1907
chr15,71000001,72000000,2104,1908
chr15,72000001,73000000,2105,1909
chr15,73000001,74000000,2106,1910
chr15,74000001,75000000,2107,1911
chr15,75000001,76000000,2108,1912
chr15,76000001,77000000,2109,1913
chr15,77000001,78000000,2110,1914
chr15,78000001,79000000,2111,1915
chr15,79000001,80000000,2112,1916
chr15,80000001,81000000,2113,1917
chr15,81000001,82000000,2114,1918
chr15,86000001,87000000,2115,1919
chr15,87000001,88000000,2116,1920
chr15,89000001,90000000,2118,1921
chr15,90000001,91000000,2119,1922
chr15,91000001,92000000,2120,1923
chr15,92000001,93000000,2121,1924
chr15,93000001,94000000,2122,1925
chr15,94000001,95000000,2123,1926
chr15,95000001,96000000,2124,1927
chr15,96000001,97000000,2125,1928
chr15,97000001,98000000,2126,1929
chr15,98000001,99000000,2127,1930
chr15,99000001,100000000,2128,1931
chr15,100000001,101000000,2129,1932
chr15,101000001,102000000,2130,1933
chr16,1000001,2000000,2131,1934
chr16,3000001,4000000,2133,1935
chr16,4000001,5000000,2134,1936
chr16,5000001,6000000,2135,1937
chr16,6000001,7000000,2136,1938
chr16,7000001,8000000,2137,1939
chr16,8000001,9000000,2138,1940
chr16,9000001,10000000,2139,1941
chr16,10000001,11000000,2140,1942
chr16,11000001,12000000,2141,1943
chr16,12000001,13000000,2142,1944
chr16,13000001,14000000,2143,1945
chr16,17000001,18000000,2144,1946
chr16,19000001,20000000,2145,1947
chr16,20000001,21000000,2146,1948
chr16,23000001,24000000,2147,1949
chr16,24000001,25000000,2148,1950
chr16,25000001,26000000,2149,1951
chr16,26000001,27000000,2150,1952
chr16,27000001,28000000,2151,1953
chr16,47000001,48000000,2154,1954
chr16,48000001,49000000,2155,1955
chr16,50000001,51000000,2157,1956
chr16,51000001,52000000,2158,1957
chr16,52000001,53000000,2159,1958
chr16,53000001,54000000,2160,1959
chr16,55000001,56000000,2162,1960
chr16,56000001,57000000,2163,1961
chr16,57000001,58000000,2164,1962
chr16,58000001,59000000,2165,1963
chr16,59000001,60000000,2166,1964
chr16,60000001,61000000,2167,1965
chr16,61000001,62000000,2168,1966
chr16,62000001,63000000,2169,1967
chr16,63000001,64000000,2170,1968
chr16,64000001,65000000,2171,1969
chr16,65000001,66000000,2172,1970
chr16,66000001,67000000,2173,1971
chr16,67000001,68000000,2174,1972
chr16,68000001,69000000,2175,1973
chr16,69000001,70000000,2176,1974
chr16,72000001,73000000,2178,1975
chr16,73000001,74000000,2179,1976
chr16,74000001,75000000,2180,1977
chr16,75000001,76000000,2181,1978
chr16,76000001,77000000,2182,1979
chr16,77000001,78000000,2183,1980
chr16,78000001,79000000,2184,1981
chr16,80000001,81000000,2186,1982
chr16,81000001,82000000,2187,1983
chr16,83000001,84000000,2189,1984
chr16,84000001,85000000,2190,1985
chr16,85000001,86000000,2191,1986
chr16,87000001,88000000,2193,1987
chr16,89000001,90000000,2195,1988
chr17,1000001,2000000,2197,1989
chr17,2000001,3000000,2198,1990
chr17,3000001,4000000,2199,1991
chr17,4000001,5000000,2200,1992
chr17,5000001,6000000,2201,1993
chr17,6000001,7000000,2202,1994
chr17,7000001,8000000,2203,1995
chr17,8000001,9000000,2204,1996
chr17,10000001,11000000,2206,1997
chr17,11000001,12000000,2207,1998
chr17,12000001,13000000,2208,1999
chr17,13000001,14000000,2209,2000
chr17,14000001,15000000,2210,2001
chr17,17000001,18000000,2211,2002
chr17,21000001,22000000,2212,2003
chr17,26000001,27000000,2213,2004
chr17,27000001,28000000,2214,2005
chr17,28000001,29000000,2215,2006
chr17,29000001,30000000,2216,2007
chr17,30000001,31000000,2217,2008
chr17,33000001,34000000,2220,2009
chr17,35000001,36000000,2221,2010
chr17,37000001,38000000,2222,2011
chr17,38000001,39000000,2223,2012
chr17,39000001,40000000,2224,2013
chr17,40000001,41000000,2225,2014
chr17,41000001,42000000,2226,2015
chr17,42000001,43000000,2227,2016
chr17,46000001,47000000,2230,2017
chr17,47000001,48000000,2231,2018
chr17,48000001,49000000,2232,2019
chr17,49000001,50000000,2233,2020
chr17,50000001,51000000,2234,2021
chr17,51000001,52000000,2235,2022
chr17,52000001,53000000,2236,2023
chr17,53000001,54000000,2237,2024
chr17,54000001,55000000,2238,2025
chr17,55000001,56000000,2239,2026
chr17,56000001,57000000,2240,2027
chr17,57000001,58000000,2241,2028
chr17,59000001,60000000,2243,2029
chr17,60000001,61000000,2244,2030
chr17,61000001,62000000,2245,2031
chr17,63000001,64000000,2247,2032
chr17,64000001,65000000,2248,2033
chr17,65000001,66000000,2249,2034
chr17,66000001,67000000,2250,2035
chr17,67000001,68000000,2251,2036
chr17,68000001,69000000,2252,2037
chr17,69000001,70000000,2253,2038
chr17,72000001,73000000,2256,2039
chr17,73000001,74000000,2257,2040
chr17,74000001,75000000,2258,2041
chr17,75000001,76000000,2259,2042
chr17,76000001,77000000,2260,2043
chr17,77000001,78000000,2261,2044
chr17,78000001,79000000,2262,2045
chr17,79000001,80000000,2263,2046
chr17,80000001,81000000,2264,2047
chr18,1000001,2000000,2265,2048
chr18,2000001,3000000,2266,2049
chr18,3000001,4000000,2267,2050
chr18,4000001,5000000,2268,2051
chr18,5000001,6000000,2269,2052
chr18,6000001,7000000,2270,2053
chr18,7000001,8000000,2271,2054
chr18,8000001,9000000,2272,2055
chr18,9000001,10000000,2273,2056
chr18,10000001,11000000,2274,2057
chr18,11000001,12000000,2275,2058
chr18,12000001,13000000,2276,2059
chr18,13000001,14000000,2277,2060
chr18,19000001,20000000,2278,2061
chr18,20000001,21000000,2279,2062
chr18,21000001,22000000,2280,2063
chr18,22000001,23000000,2281,2064
chr18,23000001,24000000,2282,2065
chr18,24000001,25000000,2283,2066
chr18,25000001,26000000,2284,2067
chr18,26000001,27000000,2285,2068
chr18,27000001,28000000,2286,2069
chr18,28000001,29000000,2287,2070
chr18,29000001,30000000,2288,2071
chr18,30000001,31000000,2289,2072
chr18,31000001,32000000,2290,2073
chr18,32000001,33000000,2291,2074
chr18,33000001,34000000,2292,2075
chr18,34000001,35000000,2293,2076
chr18,35000001,36000000,2294,2077
chr18,36000001,37000000,2295,2078
chr18,37000001,38000000,2296,2079
chr18,38000001,39000000,2297,2080
chr18,39000001,40000000,2298,2081
chr18,40000001,41000000,2299,2082
chr18,41000001,42000000,2300,2083
chr18,42000001,43000000,2301,2084
chr18,43000001,44000000,2302,2085
chr18,44000001,45000000,2303,2086
chr18,46000001,47000000,2305,2087
chr18,47000001,48000000,2306,2088
chr18,48000001,49000000,2307,2089
chr18,49000001,50000000,2308,2090
chr18,50000001,51000000,2309,2091
chr18,51000001,52000000,2310,2092
chr18,53000001,54000000,2312,2093
chr18,54000001,55000000,2313,2094
chr18,55000001,56000000,2314,2095
chr18,57000001,58000000,2316,2096
chr18,58000001,59000000,2317,2097
chr18,59000001,60000000,2318,2098
chr18,60000001,61000000,2319,2099
chr18,61000001,62000000,2320,2100
chr18,62000001,63000000,2321,2101
chr18,63000001,64000000,2322,2102
chr18,64000001,65000000,2323,2103
chr18,65000001,66000000,2324,2104
chr18,66000001,67000000,2325,2105
chr18,67000001,68000000,2326,2106
chr18,68000001,69000000,2327,2107
chr18,69000001,70000000,2328,2108
chr18,70000001,71000000,2329,2109
chr18,71000001,72000000,2330,2110
chr18,72000001,73000000,2331,2111
chr18,73000001,74000000,2332,2112
chr18,74000001,75000000,2333,2113
chr18,75000001,76000000,2334,2114
chr18,76000001,77000000,2335,2115
chr18,77000001,78000000,2336,2116
chr19,2000001,3000000,2338,2117
chr19,3000001,4000000,2339,2118
chr19,4000001,5000000,2340,2119
chr19,5000001,6000000,2341,2120
chr19,6000001,7000000,2342,2121
chr19,9000001,10000000,2345,2122
chr19,10000001,11000000,2346,2123
chr19,11000001,12000000,2347,2124
chr19,13000001,14000000,2349,2125
chr19,15000001,16000000,2351,2126
chr19,16000001,17000000,2352,2127
chr19,17000001,18000000,2353,2128
chr19,18000001,19000000,2354,2129
chr19,19000001,20000000,2355,2130
chr19,28000001,29000000,2360,2131
chr19,29000001,30000000,2361,2132
chr19,30000001,31000000,2362,2133
chr19,32000001,33000000,2364,2134
chr19,33000001,34000000,2365,2135
chr19,34000001,35000000,2366,2136
chr19,35000001,36000000,2367,2137
chr19,38000001,39000000,2370,2138
chr19,39000001,40000000,2371,2139
chr19,40000001,41000000,2372,2140
chr19,41000001,42000000,2373,2141
chr19,42000001,43000000,2374,2142
chr19,45000001,46000000,2376,2143
chr19,46000001,47000000,2377,2144
chr19,47000001,48000000,2378,2145
chr19,48000001,49000000,2379,2146
chr19,49000001,50000000,2380,2147
chr19,51000001,52000000,2382,2148
chr19,52000001,53000000,2383,2149
chr19,56000001,57000000,2387,2150
chr19,57000001,58000000,2388,2151
chr20,1000001,2000000,2390,2152
chr20,2000001,3000000,2391,2153
chr20,3000001,4000000,2392,2154
chr20,4000001,5000000,2393,2155
chr20,5000001,6000000,2394,2156
chr20,6000001,7000000,2395,2157
chr20,7000001,8000000,2396,2158
chr20,8000001,9000000,2397,2159
chr20,9000001,10000000,2398,2160
chr20,10000001,11000000,2399,2161
chr20,11000001,12000000,2400,2162
chr20,12000001,13000000,2401,2163
chr20,13000001,14000000,2402,2164
chr20,14000001,15000000,2403,2165
chr20,15000001,16000000,2404,2166
chr20,16000001,17000000,2405,2167
chr20,17000001,18000000,2406,2168
chr20,18000001,19000000,2407,2169
chr20,19000001,20000000,2408,2170
chr20,20000001,21000000,2409,2171
chr20,21000001,22000000,2410,2172
chr20,22000001,23000000,2411,2173
chr20,23000001,24000000,2412,2174
chr20,30000001,31000000,2414,2175
chr20,32000001,33000000,2416,2176
chr20,33000001,34000000,2417,2177
chr20,34000001,35000000,2418,2178
chr20,35000001,36000000,2419,2179
chr20,38000001,39000000,2422,2180
chr20,39000001,40000000,2423,2181
chr20,40000001,41000000,2424,2182
chr20,42000001,43000000,2426,2183
chr20,43000001,44000000,2427,2184
chr20,44000001,45000000,2428,2185
chr20,46000001,47000000,2430,2186
chr20,47000001,48000000,2431,2187
chr20,48000001,49000000,2432,2188
chr20,49000001,50000000,2433,2189
chr20,50000001,51000000,2434,2190
chr20,51000001,52000000,2435,2191
chr20,52000001,53000000,2436,2192
chr20,53000001,54000000,2437,2193
chr20,54000001,55000000,2438,2194
chr20,58000001,59000000,2442,2195
chr20,60000001,61000000,2444,2196
chr20,61000001,62000000,2445,2197
chr20,62000001,63000000,2446,2198
chr21,16000001,17000000,2447,2199
chr21,17000001,18000000,2448,2200
chr21,18000001,19000000,2449,2201
chr21,19000001,20000000,2450,2202
chr21,20000001,21000000,2451,2203
chr21,21000001,22000000,2452,2204
chr21,22000001,23000000,2453,2205
chr21,23000001,24000000,2454,2206
chr21,24000001,25000000,2455,2207
chr21,25000001,26000000,2456,2208
chr21,26000001,27000000,2457,2209
chr21,27000001,28000000,2458,2210
chr21,28000001,29000000,2459,2211
chr21,29000001,30000000,2460,2212
chr21,30000001,31000000,2461,2213
chr21,31000001,32000000,2462,2214
chr21,32000001,33000000,2463,2215
chr21,33000001,34000000,2464,2216
chr21,34000001,35000000,2465,2217
chr21,35000001,36000000,2466,2218
chr21,36000001,37000000,2467,2219
chr21,37000001,38000000,2468,2220
chr21,38000001,39000000,2469,2221
chr21,39000001,40000000,2470,2222
chr21,40000001,41000000,2471,2223
chr21,41000001,42000000,2472,2224
chr21,42000001,43000000,2473,2225
chr21,43000001,44000000,2474,2226
chr21,44000001,45000000,2475,2227
chr21,45000001,46000000,2476,2228
chr21,46000001,47000000,2477,2229
chr21,47000001,48000000,2478,2230
chr22,19000001,20000000,2479,2231
chr22,22000001,23000000,2480,2232
chr22,23000001,24000000,2481,2233
chr22,25000001,26000000,2483,2234
chr22,28000001,29000000,2486,2235
chr22,29000001,30000000,2487,2236
chr22,30000001,31000000,2488,2237
chr22,31000001,32000000,2489,2238
chr22,32000001,33000000,2490,2239
chr22,33000001,34000000,2491,2240
chr22,34000001,35000000,2492,2241
chr22,35000001,36000000,2493,2242
chr22,36000001,37000000,2494,2243
chr22,37000001,38000000,2495,2244
chr22,38000001,39000000,2496,2245
chr22,39000001,40000000,2497,2246
chr22,40000001,41000000,2498,2247
chr22,41000001,42000000,2499,2248
chr22,42000001,43000000,2500,2249
chr22,43000001,44000000,2501,2250
chr22,47000001,48000000,2505,2251
chr22,50000001,51000000,2508,2252
