entity_id	monitoring_score
DL004508NSP0_AMSeq1	0.0008049933862433858
DL004509NSP0_AMSeq1	0.0015518452380952382
DL004510NSP0_AMSeq1	0.2579847420634921
DL004511NSP0_AMSeq1	0.0029560780423280417
DL004512NSP0_AMSeq1	0.14582069223985894
DL004513NSP0_AMSeq1	0.0015594944150499708
DL004514NSP0_AMSeq1	0.0022494995590828923
DL004515NSP0_AMSeq1	0.2785227888007055
DL004516NSP0_AMSeq1	0.017169423500881836
DL004517NSP0_AMSeq1	0.002215697383891829
DL004518NSP0_AMSeq1	0.0007686860670194002
DL004519NSP0_AMSeq1	0.0505884479717813
DL004520NSP0_AMSeq1	0.10918120149911822
DL004521NSP0_AMSeq1	0.00922736625514403
DL004522NSP0_AMSeq1	0.002247905643738977
DL004523NSP0_AMSeq1	0.0021083414168136393
DL004524NSP0_AMSeq1	0.00534106812169312
DL004525NSP0_AMSeq1	0.3439309468694886
DL004526NSP0_AMSeq1	0.0018200473985890658
DL004527NSP0_AMSeq1	0.2556924845679012
DL004528NSP0_AMSeq1	0.002702342739564961
DL004529NSP0_AMSeq1	0.0010230599647266308
DL004530NSP0_AMSeq1	0.04771508156966491
DL004531NSP0_AMSeq1	0.03551303902116403
DL004532NSP0_AMSeq1	0.009892696208112874
DL004533NSP0_AMSeq1	0.003074104203409758
DL004534NSP0_AMSeq1	0.008095795855379189
DL004535NSP0_AMSeq1	0.12338344246031746
DL004536NSP0_AMSeq1	0.0014221950323339211
DL004537NSP0_AMSeq1	0.00036589506172839505
DL004538NSP0_AMSeq1	0.0017419404027042918
DL004539NSP0_AMSeq1	0.1620189858906525
DL004540NSP0_AMSeq1	0.005517224794238684
DL004541NSP0_AMSeq1	0.07834217923280422
DL004542NSP0_AMSeq1	0.0062105504115226315
DL004543NSP0_AMSeq1	0.0012365564373897702
DL004544NSP0_AMSeq1	0.014114082892416231
DL004545NSP0_AMSeq1	0.2499731503527337
DL004546NSP0_AMSeq1	0.0012899052028218698
DL004547NSP0_AMSeq1	0.0048525958994709
DL004548NSP0_AMSeq1	0.001479993386243387
DL004549NSP0_AMSeq1	0.0019285052910052909
DL004550NSP0_AMSeq1	0.0471504556143445
DL004551NSP0_AMSeq1	0.0022714484126984133
DL004552NSP0_AMSeq1	0.2296686618165786
DL004553NSP0_AMSeq1	0.0005250308641975309
DL004554NSP0_AMSeq1	0.0009956790123456785
DL004555NSP0_AMSeq1	0.0029000389476778357
DL004556NSP0_AMSeq1	0.0024658605232216334
DL004557NSP0_AMSeq1	0.044633835243974136
DL004558NSP0_AMSeq1	0.0021855379188712525
DL004559NSP0_AMSeq1	0.0008283311287477952
DL004560NSP0_AMSeq1	0.0014118738977072314
DL004561NSP0_AMSeq1	0.004526713330393884
DL004562NSP0_AMSeq1	0.07161063639035858
DL004563NSP0_AMSeq1	0.0018637301587301593
DL004564NSP0_AMSeq1	0.10211301477072308
DL004565NSP0_AMSeq1	0.11421402116402116
DL004566NSP0_AMSeq1	0.3052189241622575
DL004567NSP0_AMSeq1	0.001236181657848324
DL004568NSP0_AMSeq1	0.0012832231040564369
DL004569NSP0_AMSeq1	0.0023531062610229283
DL004570NSP0_AMSeq1	0.03653106628453852
DL004571NSP0_AMSeq1	0.0012957495590828925
DL004572NSP0_AMSeq1	0.010483075396825399
DL004573NSP0_AMSeq1	0.0017569686948853624
DL004574NSP0_AMSeq1	0.3939687720458555
DL004575NSP0_AMSeq1	0.0034112720458553793
DL004576NSP0_AMSeq1	0.10563842078189303
DL004577NSP0_AMSeq1	0.0005591798941798941
DL004578NSP0_AMSeq1	0.001392164902998236
DL004579NSP0_AMSeq1	0.14994913359788356
DL004580NSP0_AMSeq1	0.001094576719576719
DL004581NSP0_AMSeq1	0.0009982032627865957
DL004582NSP0_AMSeq1	0.0013668496472663144
DL004583NSP0_AMSeq1	0.03829014917695474
DL004584NSP0_AMSeq1	0.002381353615520282
DL004586NSP0_AMSeq1	0.007580142195767192
DL004587NSP0_AMSeq1	0.0013623941798941793
DL004588NSP0_AMSeq1	0.0008864087301587301
DL004589NSP0_AMSeq1	0.39856438822751333
DL004590NSP0_AMSeq1	0.001400640432098765
DL004591NSP0_AMSeq1	0.005881776895943563
DL004592NSP0_AMSeq1	0.03678626359494414
DL004593NSP0_AMSeq1	0.05657205467372134
DL004594NSP0_AMSeq1	0.000462363315696649
DL004595NSP0_AMSeq1	0.001619220311581423
DL004596NSP0_AMSeq1	0.0006990718694885362
DL004597NSP0_AMSeq1	0.11924152888007059
DL004598NSP0_AMSeq1	0.0010580401234567905
DL004599NSP0_AMSeq1	0.19581386096413866
DL004600NSP0_AMSeq1	0.0007135317460317459
DL004601NSP0_AMSeq1	0.0010890784832451495
DL004602NSP0_AMSeq1	0.05360674492945326
DL004603NSP0_AMSeq1	0.003803667695473249
DL004604NSP0_AMSeq1	0.0011489542915931804
DL004605NSP0_AMSeq1	0.10507533950617284
DL004606NSP0_AMSeq1	0.0010817416225749553
DL004607NSP0_AMSeq1	0.003803529541446207
DL004608NSP0_AMSeq1	0.03714879776601999
DL004609NSP0_AMSeq1	0.02131930041152263
DL004610NSP0_AMSeq1	0.0018713051146384478
DL004611NSP0_AMSeq1	0.006425871913580247
DL004612NSP0_AMSeq1	0.001294556143445032
DL004613NSP0_AMSeq1	0.0026357649911816577
DL004614NSP0_AMSeq1	0.38201670965608464
DL004615NSP0_AMSeq1	0.07412174162257497
DL004616NSP0_AMSeq1	0.013859883156966492
DL004617NSP0_AMSeq1	0.2649545094797179
DL004618NSP0_AMSeq1	0.001432369929453263
DL004619NSP0_AMSeq1	0.0012730379188712517
DL004620NSP0_AMSeq1	0.001877806437389771
DL004621NSP0_AMSeq1	0.08943125771604946
DL004622NSP0_AMSeq1	0.24919835648148145
DL004623NSP0_AMSeq1	0.01907138117283951
DL004624NSP0_AMSeq1	0.002382713844797178
DL004625NSP0_AMSeq1	0.10179248567019407
DL004626NSP0_AMSeq1	0.0012808575837742501
DL004627NSP0_AMSeq1	0.0007539902998236328
DL004628NSP0_AMSeq1	0.0010480643738977069
DL004629NSP0_AMSeq1	0.1744903057025279
DL004630NSP0_AMSeq1	0.0036940101410934735
DL004631NSP0_AMSeq1	0.41874231040564386
DL004632NSP0_AMSeq1	0.11388756540270428
DL004633NSP0_AMSeq1	0.0005120304232804231
DL004634NSP0_AMSeq1	0.0012631106701940032
DL004635NSP0_AMSeq1	0.001199797178130511
DL004636NSP0_AMSeq1	0.0010299625220458548
DL004637NSP0_AMSeq1	0.004156249999999999
DL004638NSP0_AMSeq1	0.0044986445473251015
DL004639NSP0_AMSeq1	0.07664786265432096
DL004640NSP0_AMSeq1	0.0021259237213403885
DL004641NSP0_AMSeq1	0.002118513374485597
DL004642NSP0_AMSeq1	0.001066003086419753
DL004643NSP0_AMSeq1	0.0017509465020576127
DL004644NSP0_AMSeq1	0.001359792768959435
DL004646NSP0_AMSeq1	0.0017269422398589068
DL004647NSP0_AMSeq1	0.06420122795414464
DL004648NSP0_AMSeq1	0.0013196141975308638
DL004649NSP0_AMSeq1	0.004108306143445031
DL004650NSP0_AMSeq1	0.0005591798941798941
DL004651NSP0_AMSeq1	0.0009005180776014108
DL004652NSP0_AMSeq1	0.0007835626102292765
DL004653NSP0_AMSeq1	0.004948653365667254
DL004654NSP0_AMSeq1	0.009769742798353907
DL004655NSP0_AMSeq1	0.06267793871252204
DL004656NSP0_AMSeq1	0.001998269400352734
DL004657NSP0_AMSeq1	0.009071254409171075
DL004658NSP0_AMSeq1	0.0637995127865961
DL004659NSP0_AMSeq1	0.030239309229864796
DL004660NSP0_AMSeq1	0.0027219290123456784
DL004661NSP0_AMSeq1	0.002829486331569664
DL004663NSP0_AMSeq1	0.00773462962962963
DL004664NSP0_AMSeq1	0.002047451499118166
DL004665NSP0_AMSeq1	0.013013410493827156
DL004666NSP0_AMSeq1	0.0011489542915931804
DL004667NSP0_AMSeq1	0.008234702380952377
DL004668NSP0_AMSeq1	0.0015798302469135805
DL004669NSP0_AMSeq1	0.0010907958553791881
DL004670NSP0_AMSeq1	0.1605877689594356
DL004671NSP0_AMSeq1	0.0012430246913580243
DL004672NSP0_AMSeq1	0.002603120590828925
DL004673NSP0_AMSeq1	0.05990678571428574
DL004674NSP0_AMSeq1	0.001793139697236919
DL004675NSP0_AMSeq1	0.0007119179894179895
DL004676NSP0_AMSeq1	0.0027371347736625503
DL004677NSP0_AMSeq1	0.08719054673721344
DL004678NSP0_AMSeq1	0.07283135288065844
DL004679NSP0_AMSeq1	0.22200952454438566
DL004680NSP0_AMSeq1	0.3494150881834216
DL004681NSP0_AMSeq1	0.0010739902998236326
DL004682NSP0_AMSeq1	0.0015631150793650797
DL004683NSP0_AMSeq1	0.0018805820105820105
DL004684NSP0_AMSeq1	0.0021580379188712523
DL004685NSP0_AMSeq1	0.021490762786596125
DL004686NSP0_AMSeq1	0.00165087228101117
DL004687NSP0_AMSeq1	0.0018685626102292769
DL004688NSP0_AMSeq1	0.001842837301587302
DL004689NSP0_AMSeq1	0.0008191137566137562
DL004690NSP0_AMSeq1	0.48756606922398577
DL004691NSP0_AMSeq1	0.01269115483539095
DL004692NSP0_AMSeq1	0.0013245238095238089
DL004693NSP0_AMSeq1	0.002037605820105821
DL004694NSP0_AMSeq1	0.0020115512933568495
DL004695NSP0_AMSeq1	0.0033157363315696638
DL004696NSP0_AMSeq1	0.001238712522045855
DL004697NSP0_AMSeq1	0.002213639770723105
DL004698NSP0_AMSeq1	0.0008612940917107579
DL004699NSP0_AMSeq1	0.4970752226631393
DL004700NSP0_AMSeq1	0.001527200176366843
DL004701NSP0_AMSeq1	0.0002649404761904762
DL004702NSP0_AMSeq1	0.14791604056437382
DL004703NSP0_AMSeq1	0.006844614197530864
DL004704NSP0_AMSeq1	0.0010004475308641977
DL004705NSP0_AMSeq1	0.0014366446208112875
DL004706NSP0_AMSeq1	0.0019038808054085833
DL004707NSP0_AMSeq1	0.0009391798941798936
DL004708NSP0_AMSeq1	0.0012178960905349797
DL004709NSP0_AMSeq1	0.18597349426807752
DL004710NSP0_AMSeq1	0.1781540707671958
DL004711NSP0_AMSeq1	0.002953360155790711
DL004712NSP0_AMSeq1	0.0021617364785420346
DL004713NSP0_AMSeq1	0.04331198118753675
DL004714NSP0_AMSeq1	0.0012396847442680775
DL004715NSP0_AMSeq1	0.003313664021164021
DL004716NSP0_AMSeq1	0.0010593298059964724
DL004717NSP0_AMSeq1	0.0011210163139329802
DL004718NSP0_AMSeq1	0.06167631834215167
DL004719NSP0_AMSeq1	0.047531353615520286
DL004720NSP0_AMSeq1	0.0011180246913580247
DL004721NSP0_AMSeq1	0.12379678350970016
DL004722NSP0_AMSeq1	0.0017826388888888887
DL004724NSP0_AMSeq1	0.0009602821869488533
DL004725NSP0_AMSeq1	0.001118573633156966
DL004726NSP0_AMSeq1	0.0168238425925926
DL004727NSP0_AMSeq1	0.0015054820693709582
DL004728NSP0_AMSeq1	0.00199279027042916
DL004729NSP0_AMSeq1	0.043451166225749564
DL004730NSP0_AMSeq1	0.0012065873015873012
DL004731NSP0_AMSeq1	0.00224166446208113
DL004733NSP0_AMSeq1	0.00023938271604938272
DL004734NSP0_AMSeq1	0.001077325102880658
DL004735NSP0_AMSeq1	0.0074676734273956494
DL004736NSP0_AMSeq1	0.0007704783950617281
DL004737NSP0_AMSeq1	0.002759567901234567
DL004739NSP0_AMSeq1	0.001105996472663139
DL004740NSP0_AMSeq1	0.001378496472663139
DL004741NSP0_AMSeq1	0.0012422817460317455
DL004742NSP0_AMSeq1	0.0019046428571428576
DL004743NSP0_AMSeq1	0.10805857473544973
DL004744NSP0_AMSeq1	0.0020619223985890657
DL004745NSP0_AMSeq1	0.0012880026455026452
DL004746NSP0_AMSeq1	0.0025044268077601406
DL004747NSP0_AMSeq1	0.0037589241622574938
DL004748NSP0_AMSeq1	0.007672225529100524
DL004749NSP0_AMSeq1	0.007057067901234566
DL004750NSP0_AMSeq1	0.2029969650205761
DL004752NSP0_AMSeq1	0.0029131863609641383
DL004753NSP0_AMSeq1	0.0055539737654321
DL004754NSP0_AMSeq1	0.007510976631393296
DL004755NSP0_AMSeq1	0.0019831150793650798
DL004756NSP0_AMSeq1	0.002029969135802469
DL004757NSP0_AMSeq1	0.0019565248383303945
DL004758NSP0_AMSeq1	0.009786808862433861
DL004759NSP0_AMSeq1	0.0020677160493827156
DL004760NSP0_AMSeq1	0.008831024029982367
DL004761NSP0_AMSeq1	0.0017567181069958857
DL004762NSP0_AMSeq1	0.03910986258083482
DL004763NSP0_AMSeq1	0.0012618959435626098
DL004764NSP0_AMSeq1	0.0026399272486772487
DL004765NSP0_AMSeq1	0.09869997501469721
DL004766NSP0_AMSeq1	0.0013594841269841266
DL004767NSP0_AMSeq1	0.00044464506172839504
DL004768NSP0_AMSeq1	0.0008775903880070544
DL004769NSP0_AMSeq1	0.0011392989417989417
DL004770NSP0_AMSeq1	0.06620623677248677
DL004772NSP0_AMSeq1	0.0008265410052910048
DL004773NSP0_AMSeq1	0.04263665711346269
DL004774NSP0_AMSeq1	0.0025870087448559673
DL004776NSP0_AMSeq1	0.007596111111111113
DL004777NSP0_AMSeq1	0.0010620149911816574
DL004778NSP0_AMSeq1	0.013146929012345673
DL004779NSP0_AMSeq1	0.0022721024397413295
DL004780NSP0_AMSeq1	0.0012028328924162256
DL004781NSP0_AMSeq1	0.01700848544973545
DL004782NSP0_AMSeq1	0.0013228703703703705
DL004783NSP0_AMSeq1	0.09400532848324517
DL004784NSP0_AMSeq1	0.07591796075837746
DL004785NSP0_AMSeq1	0.0005158686067019399
DL004786NSP0_AMSeq1	0.06744658509700176
DL004787NSP0_AMSeq1	0.00739924382716049
DL004788NSP0_AMSeq1	0.0014868981481481486
DL004789NSP0_AMSeq1	0.00213471193415638
DL004790NSP0_AMSeq1	0.43906010582010563
DL004791NSP0_AMSeq1	0.06889744157848324
DL004792NSP0_AMSeq1	0.011253564079952962
DL004793NSP0_AMSeq1	0.001791294091710759
DL004794NSP0_AMSeq1	0.002004739858906526
DL004795NSP0_AMSeq1	0.0019743573633156978
DL004796NSP0_AMSeq1	0.09094443930041152
DL004797NSP0_AMSeq1	0.001357405202821869
DL004798NSP0_AMSeq1	0.015170654761904753
DL004799NSP0_AMSeq1	0.0022460111699000593
DL004800NSP0_AMSeq1	0.018543333333333325
DL004801NSP0_AMSeq1	0.00260548353909465
DL004802NSP0_AMSeq1	0.03286225749559083
DL004803NSP0_AMSeq1	0.002412434597295708
DL004804NSP0_AMSeq1	0.0014509964726631395
DL004805NSP0_AMSeq1	0.0009088205467372131
DL004806NSP0_AMSeq1	0.00822246031746032
DL004807NSP0_AMSeq1	0.05198658289241623
DL004808NSP0_AMSeq1	0.19004221230158727
DL004809NSP0_AMSeq1	0.16066740299823631
DL004810NSP0_AMSeq1	0.0019023464138741906
DL004811NSP0_AMSeq1	0.01085915233686067
DL004812NSP0_AMSeq1	0.0005687037037037038
DL004813NSP0_AMSeq1	0.000764861111111111
DL004814NSP0_AMSeq1	0.0012357186948853613
DL004815NSP0_AMSeq1	0.03894123677248679
DL004816NSP0_AMSeq1	0.0008421296296296294
DL004817NSP0_AMSeq1	0.0010626234567901235
DL004818NSP0_AMSeq1	0.0010802976190476183
DL004819NSP0_AMSeq1	0.0019703262786596124
DL004821NSP0_AMSeq1	0.00023270502645502647
DL004822NSP0_AMSeq1	0.000911898148148148
DL004823NSP0_AMSeq1	0.16069699882422106
DL004824NSP0_AMSeq1	0.0010640520282186943
DL004825NSP0_AMSeq1	0.0710560008818342
DL004826NSP0_AMSeq1	0.0015788734567901237
DL004827NSP0_AMSeq1	0.0033253604497354506
DL004828NSP0_AMSeq1	0.3676613447971783
DL004829NSP0_AMSeq1	0.002149402557319224
DL004830NSP0_AMSeq1	0.0014544334215167546
DL004831NSP0_AMSeq1	0.0022783002645502654
DL004833NSP0_AMSeq1	0.0012028328924162256
DL004834NSP0_AMSeq1	0.0005552623456790124
DL004835NSP0_AMSeq1	0.007218958333333332
DL004836NSP0_AMSeq1	0.008420939153439154
DL004837NSP0_AMSeq1	0.001407956349206349
DL004838NSP0_AMSeq1	0.0020704453262786597
DL004840NSP0_AMSeq1	0.0014560427689594363
DL004841NSP0_AMSeq1	0.0022874088771311
DL004842NSP0_AMSeq1	0.004271559744268078
DL004843NSP0_AMSeq1	0.0022084082892416227
DL004844NSP0_AMSeq1	0.0021234237213403877
DL004845NSP0_AMSeq1	0.0019460912698412698
DL004846NSP0_AMSeq1	0.0011180379188712513
DL004847NSP0_AMSeq1	0.0010631900352733685
DL004848NSP0_AMSeq1	0.0008675242504409168
DL004849NSP0_AMSeq1	0.004176053057025278
DL004850NSP0_AMSeq1	0.0030134303350970023
DL004851NSP0_AMSeq1	0.0026278490593768366
DL004852NSP0_AMSeq1	0.3805650058788949
DL004853NSP0_AMSeq1	0.2638018485449736
DL004855NSP0_AMSeq1	0.002053700396825397
DL004856NSP0_AMSeq1	0.0011864947089947082
DL004857NSP0_AMSeq1	0.0022768485449735456
DL004858NSP0_AMSeq1	0.02323541115520282
DL004859NSP0_AMSeq1	0.03336954805996473
DL004860NSP0_AMSeq1	0.005726126543209875
DL004861NSP0_AMSeq1	0.00141136684303351
DL004862NSP0_AMSeq1	0.0004617746913580246
DL004863NSP0_AMSeq1	0.0009990057319223982
DL004864NSP0_AMSeq1	0.5009060791446209
DL004865NSP0_AMSeq1	0.0012634237213403874
DL004866NSP0_AMSeq1	0.0016985266019988242
DL004867NSP0_AMSeq1	0.0011173589065255724
DL004868NSP0_AMSeq1	0.0007177204585537918
DL004869NSP0_AMSeq1	0.0016594984567901243
DL004870NSP0_AMSeq1	0.0013839748677248681
DL004871NSP0_AMSeq1	0.0014520701058201061
DL004872NSP0_AMSeq1	0.0013441446208112874
DL004873NSP0_AMSeq1	0.004178765432098765
DL004874NSP0_AMSeq1	0.4238433201058202
DL004875NSP0_AMSeq1	0.0018343004115226342
DL004876NSP0_AMSeq1	0.001245919312169312
DL004877NSP0_AMSeq1	0.0012734347442680774
DL004878NSP0_AMSeq1	0.0009671450617283945
DL004879NSP0_AMSeq1	0.0017280114638447974
DL004880NSP0_AMSeq1	0.011127200911228693
DL004881NSP0_AMSeq1	0.0016180423280423286
DL004882NSP0_AMSeq1	0.0009718033509700172
DL004883NSP0_AMSeq1	0.0012839947089947085
DL004884NSP0_AMSeq1	0.0008934700176366836
DL004885NSP0_AMSeq1	0.06699988095238096
DL004886NSP0_AMSeq1	0.0020041901822457383
DL004887NSP0_AMSeq1	0.0014554651675485007
DL004888NSP0_AMSeq1	0.0016505665784832455
DL004889NSP0_AMSeq1	0.0010405798059964723
DL004890NSP0_AMSeq1	0.001810679747207525
DL004891NSP0_AMSeq1	0.001577071575543798
DL004892NSP0_AMSeq1	0.08885385508524399
DL004893NSP0_AMSeq1	0.0011851168430335093
DL004894NSP0_AMSeq1	0.0666313591269841
DL004895NSP0_AMSeq1	0.15580452601410927
DL004897NSP0_AMSeq1	0.14668720017636686
DL004898NSP0_AMSeq1	0.010066310626102293
DL004899NSP0_AMSeq1	0.004776038359788361
DL004900NSP0_AMSeq1	0.0009245656966490295
DL004901NSP0_AMSeq1	0.001373234126984127
DL004902NSP0_AMSeq1	0.0014351631393298059
DL004903NSP0_AMSeq1	0.005674439300411521
DL004904NSP0_AMSeq1	0.04216549750146971
DL004905NSP0_AMSeq1	0.06840137125220458
DL004906NSP0_AMSeq1	0.001372899029982363
DL004907NSP0_AMSeq1	0.001801962081128748
DL004908NSP0_AMSeq1	0.001825884038800706
DL004909NSP0_AMSeq1	0.0016528791887125223
DL004910NSP0_AMSeq1	0.39140204144620827
DL004911NSP0_AMSeq1	0.0017053174603174597
DL004912NSP0_AMSeq1	0.0016921413874191663
DL004913NSP0_AMSeq1	0.03663200984714874
DL004914NSP0_AMSeq1	0.0012731055261610816
DL004915NSP0_AMSeq1	0.005424138007054674
DL004916NSP0_AMSeq1	0.0012299007936507939
DL004917NSP0_AMSeq1	0.0015455291005291012
DL004918NSP0_AMSeq1	0.0015291137566137564
DL004919NSP0_AMSeq1	0.03435543430335097
DL004920NSP0_AMSeq1	0.5098571737213403
DL004921NSP0_AMSeq1	0.00263570252792475
DL004922NSP0_AMSeq1	0.0033118709582598467
DL004923NSP0_AMSeq1	0.0009104166666666666
DL004924NSP0_AMSeq1	0.001167235449735449
DL004926NSP0_AMSeq1	0.001625629776601999
DL004927NSP0_AMSeq1	0.29630648368606705
DL004928NSP0_AMSeq1	0.0064334645061728405
DL004929NSP0_AMSeq1	0.0035797288359788342
DL004930NSP0_AMSeq1	0.0016872817460317467
DL004931NSP0_AMSeq1	0.010617579365079366
DL004932NSP0_AMSeq1	0.05954971340388006
DL004933NSP0_AMSeq1	0.0010480643738977069
DL004934NSP0_AMSeq1	0.0009283223104056436
DL004935NSP0_AMSeq1	0.015684228027630816
DL004936NSP0_AMSeq1	0.0029080335097001757
DL004937NSP0_AMSeq1	0.001143630217519106
DL004938NSP0_AMSeq1	0.012950027557319223
DL004939NSP0_AMSeq1	0.0008254640652557318
DL004940NSP0_AMSeq1	0.059438361992945325
DL004941NSP0_AMSeq1	0.0011322001763668429
DL004942NSP0_AMSeq1	0.0012095612874779536
DL004943NSP0_AMSeq1	0.12281416262492648
DL004944NSP0_AMSeq1	0.0025712845385067605
DL004945NSP0_AMSeq1	0.0008191820987654319
DL004946NSP0_AMSeq1	0.00026136022927689595
DL004947NSP0_AMSeq1	0.03973736331569665
DL004948NSP0_AMSeq1	0.0009467328042328039
DL004949NSP0_AMSeq1	0.0018745502645502647
DL004950NSP0_AMSeq1	0.0015149206349206348
DL004951NSP0_AMSeq1	0.0018539792768959443
DL004953NSP0_AMSeq1	0.004178615520282187
DL004954NSP0_AMSeq1	0.0022401675485008827
DL004955NSP0_AMSeq1	0.047204651675485015
DL004956NSP0_AMSeq1	0.001082921075837742
DL004957NSP0_AMSeq1	0.0012998500881834215
DL004958NSP0_AMSeq1	0.0011275440917107573
DL004959NSP0_AMSeq1	0.0025673780129335678
DL004960NSP0_AMSeq1	0.0011672442680776014
DL004961NSP0_AMSeq1	0.0034240002204585524
DL004962NSP0_AMSeq1	0.002962909318048206
DL004963NSP0_AMSeq1	0.4692110317460317
DL004964NSP0_AMSeq1	0.0743214495149912
DL004965NSP0_AMSeq1	0.04024619525279248
DL004966NSP0_AMSeq1	0.0005456150793650792
DL004967NSP0_AMSeq1	0.006440491622574956
DL004968NSP0_AMSeq1	0.0027422574955908276
DL004969NSP0_AMSeq1	0.03949689373897707
DL004970NSP0_AMSeq1	0.001730553350970018
DL004971NSP0_AMSeq1	0.002036382275132276
DL004972NSP0_AMSeq1	0.001767366255144033
DL004973NSP0_AMSeq1	0.006038811728395064
DL004974NSP0_AMSeq1	0.0002772398589065255
DL004975NSP0_AMSeq1	0.4674386089065254
DL004976NSP0_AMSeq1	0.031645565476190476
DL004977NSP0_AMSeq1	0.0010663977072310402
DL004978NSP0_AMSeq1	0.002178950617283951
DL004979NSP0_AMSeq1	0.003704293797766019
DL004980NSP0_AMSeq1	0.0021399129188712524
DL004981NSP0_AMSeq1	0.001795526895943563
DL004982NSP0_AMSeq1	0.052180361552028216
DL004983NSP0_AMSeq1	0.0011368342151675478
DL004984NSP0_AMSeq1	0.034126131319811875
DL004985NSP0_AMSeq1	0.0015477358906525577
DL004986NSP0_AMSeq1	0.0013979475308641973
DL004987NSP0_AMSeq1	0.04652108906525575
DL004988NSP0_AMSeq1	0.24685567239858905
DL004989NSP0_AMSeq1	0.0018168452380952385
DL004990NSP0_AMSeq1	0.04314461346266903
DL004991NSP0_AMSeq1	0.00583762345679012
DL004992NSP0_AMSeq1	0.0019019495884773667
DL004993NSP0_AMSeq1	0.0006927910052910053
DL004994NSP0_AMSeq1	0.002275806878306879
DL004995NSP0_AMSeq1	0.3803623258377427
DL004996NSP0_AMSeq1	0.5130860225602585
DL004997NSP0_AMSeq1	0.2541357164902998
DL004998NSP0_AMSeq1	0.0008893650793650788
DL004999NSP0_AMSeq1	0.0018411618165784839
DL005000NSP0_AMSeq1	0.011855783730158734
DL005001NSP0_AMSeq1	0.0040082297178130515
DL005002NSP0_AMSeq1	0.05348037477954145
DL005003NSP0_AMSeq1	0.04275751910640798
DL005004NSP0_AMSeq1	0.037699146090534985
DL005006NSP0_AMSeq1	0.0004444135802469135
DL005007NSP0_AMSeq1	0.00453633744855967
DL005008NSP0_AMSeq1	0.008322021604938272
DL005009NSP0_AMSeq1	0.0011822413286302175
DL005010NSP0_AMSeq1	0.001568367504409171
DL005011NSP0_AMSeq1	0.2998603880070547
DL005012NSP0_AMSeq1	0.0008696340388007049
DL005013NSP0_AMSeq1	0.08136050925925925
DL005014NSP0_AMSeq1	0.0017385163139329812
DL005015NSP0_AMSeq1	0.0020294069664903006
DL005016NSP0_AMSeq1	0.001173899176954732
DL005018NSP0_AMSeq1	0.08008889256319814
DL005019NSP0_AMSeq1	0.002035723104056437
DL005020NSP0_AMSeq1	0.0010122354497354492
DL005021NSP0_AMSeq1	0.0014891975308641975
DL005022NSP0_AMSeq1	0.0751615376984127
DL005023NSP0_AMSeq1	0.002277636684303352
DL005024NSP0_AMSeq1	0.002114113021751911
DL005025NSP0_AMSeq1	0.0012304012345679008
DL005026NSP0_AMSeq1	0.0017609281305114638
DL005027NSP0_AMSeq1	0.0009707804232804228
DL005028NSP0_AMSeq1	0.000711679894179894
DL005029NSP0_AMSeq1	0.0019535119047619054
DL005030NSP0_AMSeq1	0.0012220194003527331
DL005031NSP0_AMSeq1	0.07368891534391536
DL005032NSP0_AMSeq1	0.23302188381834216
DL005033NSP0_AMSeq1	0.001016856261022927
DL005034NSP0_AMSeq1	0.021290365961199292
DL005035NSP0_AMSeq1	0.09063682980599651
DL005036NSP0_AMSeq1	0.0011214440035273365
DL005037NSP0_AMSeq1	0.012642664241622581
DL005038NSP0_AMSeq1	0.002135877425044092
DL005039NSP0_AMSeq1	0.0018279501028806585
DL005040NSP0_AMSeq1	0.0018044084362139918
DL005041NSP0_AMSeq1	0.0008059193121693118
DL005042NSP0_AMSeq1	0.0018953196649029987
DL005043NSP0_AMSeq1	0.0010514947089947085
DL005044NSP0_AMSeq1	0.0019493672839506176
DL005045NSP0_AMSeq1	0.17582219025573198
DL005046NSP0_AMSeq1	0.0010606018518518514
DL005047NSP0_AMSeq1	0.0044100110229276885
DL005048NSP0_AMSeq1	0.0005486574074074075
DL005049NSP0_AMSeq1	0.001999927248677249
DL005050NSP0_AMSeq1	0.0012580246913580248
DL005051NSP0_AMSeq1	0.01749899250440916
DL005052NSP0_AMSeq1	0.0007951058201058196
DL005053NSP0_AMSeq1	0.0014915167548500885
DL005054NSP0_AMSeq1	0.001615185185185185
DL005055NSP0_AMSeq1	0.0016011706349206346
DL005056NSP0_AMSeq1	0.015386545414462084
DL005057NSP0_AMSeq1	0.000708747795414462
DL005058NSP0_AMSeq1	0.0020856062610229284
DL005059NSP0_AMSeq1	0.0009497001763668425
DL005060NSP0_AMSeq1	0.0018001521164021173
DL005061NSP0_AMSeq1	0.01636174676660788
DL005062NSP0_AMSeq1	0.002532546296296296
DL005063NSP0_AMSeq1	0.001765727513227512
DL005065NSP0_AMSeq1	0.09276288139329807
DL005066NSP0_AMSeq1	0.07978594246031749
DL005067NSP0_AMSeq1	0.0015691394767783657
DL005068NSP0_AMSeq1	0.0016378615520282194
DL005069NSP0_AMSeq1	0.0016232451499118173
DL005070NSP0_AMSeq1	0.0005841953262786595
DL005071NSP0_AMSeq1	0.04199606407995296
DL005072NSP0_AMSeq1	0.0005557253086419753
DL005073NSP0_AMSeq1	0.000918167989417989
DL005074NSP0_AMSeq1	0.0011981635802469134
DL005075NSP0_AMSeq1	0.04395630658436214
DL005076NSP0_AMSeq1	0.0797146928277484
DL005077NSP0_AMSeq1	0.0007249052028218691
DL005078NSP0_AMSeq1	0.001157735890652557
DL005079NSP0_AMSeq1	0.001385401234567901
DL005080NSP0_AMSeq1	0.0012760163139329801
DL005081NSP0_AMSeq1	0.07388271053791885
DL005082NSP0_AMSeq1	0.0025977601410934748
DL005083NSP0_AMSeq1	0.062420731922398574
DL005084NSP0_AMSeq1	0.0013076168430335095
DL005085NSP0_AMSeq1	0.0011642482363315692
DL005086NSP0_AMSeq1	0.0010856790123456787
DL005087NSP0_AMSeq1	0.0007458156966490298
DL005088NSP0_AMSeq1	0.006612989417989417
DL005089NSP0_AMSeq1	0.0008968827160493824
DL005090NSP0_AMSeq1	0.04218592519106409
DL005091NSP0_AMSeq1	0.002506810699588478
DL005092NSP0_AMSeq1	0.0019294731040564383
DL005093NSP0_AMSeq1	0.0013629497354497354
DL005094NSP0_AMSeq1	0.0016518761022927693
DL005095NSP0_AMSeq1	0.001741633597883599
DL005096NSP0_AMSeq1	0.06352522817460317
DL005097NSP0_AMSeq1	0.0021951587301587312
DL005098NSP0_AMSeq1	0.0008049933862433858
DL005099NSP0_AMSeq1	0.0026160038212815987
DL005100NSP0_AMSeq1	0.0014185736331569663
DL005101NSP0_AMSeq1	0.004738827160493826
DL005102NSP0_AMSeq1	0.0011063977072310405
DL005103NSP0_AMSeq1	0.0009342261904761901
DL005104NSP0_AMSeq1	0.0008301785714285711
DL005105NSP0_AMSeq1	0.0014803946208112873
DL005106NSP0_AMSeq1	0.0009084964726631389
DL005107NSP0_AMSeq1	0.0010480643738977069
DL005108NSP0_AMSeq1	0.0016790718694885364
DL005109NSP0_AMSeq1	0.0014220502645502639
DL005110NSP0_AMSeq1	0.0017568033509700177
DL005111NSP0_AMSeq1	0.0011916291887125213
DL005112NSP0_AMSeq1	0.005052041446208113
DL005113NSP0_AMSeq1	0.013561595017636681
DL005114NSP0_AMSeq1	0.0007734347442680774
DL005115NSP0_AMSeq1	0.0011481106701940029
DL005116NSP0_AMSeq1	0.011766047178130514
DL005117NSP0_AMSeq1	0.0009568209876543205
DL005118NSP0_AMSeq1	0.031298957231040564
DL005119NSP0_AMSeq1	0.008076388888888885
DL005120NSP0_AMSeq1	0.009451421957671955
DL005121NSP0_AMSeq1	0.020720561067019406
DL005122NSP0_AMSeq1	0.006052175925925928
DL005123NSP0_AMSeq1	0.001893593474426808
DL005124NSP0_AMSeq1	0.0024758965314520868
DL005125NSP0_AMSeq1	0.15235404210758377
DL005126NSP0_AMSeq1	0.002596849279835391
DL005127NSP0_AMSeq1	0.0018664219576719583
DL005129NSP0_AMSeq1	0.12807747134038802
DL005130NSP0_AMSeq1	0.009822956349206349
DL005131NSP0_AMSeq1	0.040819851557907114
DL005132NSP0_AMSeq1	0.00085276455026455
DL005133NSP0_AMSeq1	0.37146076168430336
DL005134NSP0_AMSeq1	0.0010564131393298055
DL005135NSP0_AMSeq1	0.001275672398589065
DL005136NSP0_AMSeq1	0.002032311140505585
DL005137NSP0_AMSeq1	0.0008889814814814817
DL005138NSP0_AMSeq1	0.0015669481187536745
DL005140NSP0_AMSeq1	0.0020958825690770137
DL005141NSP0_AMSeq1	0.0343687180335097
DL005142NSP0_AMSeq1	0.0008562477954144617
DL005143NSP0_AMSeq1	0.0009320194003527332
DL005144NSP0_AMSeq1	0.0022788043797766023
DL005145NSP0_AMSeq1	0.0008096296296296295
DL005146NSP0_AMSeq1	0.004484242724867725
DL005147NSP0_AMSeq1	0.0014610229276895942
DL005148NSP0_AMSeq1	0.0012994290123456787
DL005149NSP0_AMSeq1	0.001834869929453263
DL005150NSP0_AMSeq1	0.04416172729276894
DL005151NSP0_AMSeq1	0.002016157407407407
DL005152NSP0_AMSeq1	0.222837528659612
DL005153NSP0_AMSeq1	0.0020054673721340397
DL005156NSP0_AMSeq1	0.031064545855379187
DL005157NSP0_AMSeq1	0.0009327094356261019
DL005158NSP0_AMSeq1	0.0015494885361552022
DL005159NSP0_AMSeq1	0.001742731481481482
DL005160NSP0_AMSeq1	0.005800579805996471
DL005161NSP0_AMSeq1	0.021004605379188718
DL005162NSP0_AMSeq1	0.07500375330687833
DL005163NSP0_AMSeq1	0.4116774184303352
DL005164NSP0_AMSeq1	0.0011864947089947082
DL005165NSP0_AMSeq1	0.16157957671957673
DL005166NSP0_AMSeq1	0.07545465388007058
DL005167NSP0_AMSeq1	0.0006753218694885359
DL005168NSP0_AMSeq1	0.0007521891534391532
DL005169NSP0_AMSeq1	0.0009123589065255726
DL005170NSP0_AMSeq1	0.0011459237213403875
DL005171NSP0_AMSeq1	0.001148604497354497
DL005172NSP0_AMSeq1	0.0012618959435626098
DL005173NSP0_AMSeq1	0.001437601410934745
DL005174NSP0_AMSeq1	0.14480125330687826
DL005175NSP0_AMSeq1	0.0007862477954144618
DL005176NSP0_AMSeq1	0.1557923052616108
DL005177NSP0_AMSeq1	0.23334823302469138
DL005179NSP0_AMSeq1	0.0018870656966490302
DL005180NSP0_AMSeq1	0.0025684119635508516
DL005181NSP0_AMSeq1	0.0010163712522045852
DL005182NSP0_AMSeq1	0.029258501984126984
DL005183NSP0_AMSeq1	0.0011046737213403874
DL005184NSP0_AMSeq1	0.03191981407995297
DL005185NSP0_AMSeq1	0.001823705908289242
DL005186NSP0_AMSeq1	0.19471982363315693
DL005187NSP0_AMSeq1	0.0012747817460317455
DL005188NSP0_AMSeq1	0.006606752645502646
DL005189NSP0_AMSeq1	0.009504413580246916
DL005190NSP0_AMSeq1	0.08617290490887716
DL005191NSP0_AMSeq1	0.04670798721340387
DL005192NSP0_AMSeq1	0.0014603174603174602
DL005193NSP0_AMSeq1	0.0013558796296296292
DL005194NSP0_AMSeq1	0.0016951521164021168
DL005195NSP0_AMSeq1	0.002368665490887713
DL005196NSP0_AMSeq1	0.0013177402998236327
DL005197NSP0_AMSeq1	0.0004029475308641975
DL005198NSP0_AMSeq1	0.0011543400940623159
DL005199NSP0_AMSeq1	0.001080282186948853
DL005200NSP0_AMSeq1	0.0012618959435626098
DL005201NSP0_AMSeq1	0.19194566798941803
DL005202NSP0_AMSeq1	0.030299970238095237
DL005203NSP0_AMSeq1	0.001432925485008818
DL005204NSP0_AMSeq1	0.054346280864197516
DL005205NSP0_AMSeq1	0.0021930136684303356
DL005206NSP0_AMSeq1	0.00025916666666666666
DL005207NSP0_AMSeq1	0.0015219223985890654
DL005208NSP0_AMSeq1	0.03831163506760731
DL005209NSP0_AMSeq1	0.019421781305114634
DL005210NSP0_AMSeq1	0.0015573346560846563
DL005211NSP0_AMSeq1	0.21745507789535562
DL005212NSP0_AMSeq1	0.027490526895943564
DL005213NSP0_AMSeq1	0.021914000220458557
DL005214NSP0_AMSeq1	0.0020419731040564374
DL005215NSP0_AMSeq1	0.0010133421516754846
DL005216NSP0_AMSeq1	0.0024396957671957674
DL005217NSP0_AMSeq1	0.0014603174603174602
DL005218NSP0_AMSeq1	0.0011164814814814809
DL005219NSP0_AMSeq1	0.0009681988536155199
DL005220NSP0_AMSeq1	0.0011890689300411523
DL005221NSP0_AMSeq1	0.3631487279541446
DL005222NSP0_AMSeq1	0.015026144547325097
DL005223NSP0_AMSeq1	0.011961705246913581
DL005224NSP0_AMSeq1	0.0017125507054673722
DL005225NSP0_AMSeq1	0.0008848082010582006
DL005226NSP0_AMSeq1	0.001753274544385656
DL005227NSP0_AMSeq1	0.001572422839506173
DL005228NSP0_AMSeq1	0.002689462081128748
DL005229NSP0_AMSeq1	0.026582653218694886
DL005230NSP0_AMSeq1	0.0006323765432098766
DL005231NSP0_AMSeq1	0.00970923611111111
DL005232NSP0_AMSeq1	0.307402967372134
DL005233NSP0_AMSeq1	0.48461576278659607
DL005234NSP0_AMSeq1	0.0018084193121693127
DL005235NSP0_AMSeq1	0.0012039351851851848
DL005236NSP0_AMSeq1	0.005884169973544973
DL005237NSP0_AMSeq1	0.00963384222516167
DL005238NSP0_AMSeq1	0.010314001322751327
DL005239NSP0_AMSeq1	0.004219602439741328
DL005240NSP0_AMSeq1	0.0019422817460317471
DL005241NSP0_AMSeq1	0.047917506613756614
DL005242NSP0_AMSeq1	0.0027392136978248082
DL005243NSP0_AMSeq1	0.3407501631393299
DL005244NSP0_AMSeq1	0.0016396950323339214
DL005245NSP0_AMSeq1	0.08025758230452675
DL005246NSP0_AMSeq1	0.006982242063492061
DL005247NSP0_AMSeq1	0.012265685626102299
DL005248NSP0_AMSeq1	0.0015827968841857732
DL005249NSP0_AMSeq1	0.08317092923280425
DL005250NSP0_AMSeq1	0.001493229717813051
DL005251NSP0_AMSeq1	0.0891592144326867
DL005252NSP0_AMSeq1	0.0013252799823633152
DL005253NSP0_AMSeq1	0.0011017680776014105
DL005254NSP0_AMSeq1	0.0010436089065255726
DL005255NSP0_AMSeq1	0.0010342695473251025
DL005256NSP0_AMSeq1	0.11623578483245153
DL005257NSP0_AMSeq1	0.0010231055261610816
DL005258NSP0_AMSeq1	0.0019046428571428576
DL005259NSP0_AMSeq1	0.06766962191358024
DL005260NSP0_AMSeq1	0.0020322663139329808
DL005261NSP0_AMSeq1	0.0004032694003527337
DL005263NSP0_AMSeq1	0.04173893224573781
DL005264NSP0_AMSeq1	0.001116798941798942
DL005265NSP0_AMSeq1	0.0012431062610229273
DL005266NSP0_AMSeq1	0.0016658281893004118
DL005267NSP0_AMSeq1	0.0009986552028218689
DL005268NSP0_AMSeq1	0.001809303350970018
DL005269NSP0_AMSeq1	0.001867991622574956
DL005270NSP0_AMSeq1	0.45354153328924185
DL005271NSP0_AMSeq1	0.0076596086860670175
DL005272NSP0_AMSeq1	0.002891286008230453
DL005273NSP0_AMSeq1	0.001671640211640212
DL005274NSP0_AMSeq1	0.00029823633156966485
DL005275NSP0_AMSeq1	0.011240338403880073
DL005276NSP0_AMSeq1	0.0014344841269841267
DL005277NSP0_AMSeq1	0.2256476330099941
DL005278NSP0_AMSeq1	0.000891865079365079
DL005280NSP0_AMSeq1	0.001254149029982363
DL005281NSP0_AMSeq1	0.001888238536155203
DL005282NSP0_AMSeq1	0.001307786596119929
DL005283NSP0_AMSeq1	0.001707021604938271
DL005284NSP0_AMSeq1	0.04032684964726632
DL005285NSP0_AMSeq1	0.0016439484126984133
DL005286NSP0_AMSeq1	0.08598245223398004
DL005287NSP0_AMSeq1	0.013302455908289245
DL005288NSP0_AMSeq1	0.35706478395061747
DL005289NSP0_AMSeq1	0.0012631106701940032
DL005290NSP0_AMSeq1	0.0013020194003527342
DL005291NSP0_AMSeq1	0.0015892783656672545
DL005292NSP0_AMSeq1	0.0009736507936507933
DL005293NSP0_AMSeq1	0.0003902469135802469
DL005294NSP0_AMSeq1	0.010291516754850094
DL005295NSP0_AMSeq1	0.001528851410934744
DL005296NSP0_AMSeq1	0.006908020282186946
DL005297NSP0_AMSeq1	0.0019167129629629632
DL005298NSP0_AMSeq1	0.0027366953262786594
DL005299NSP0_AMSeq1	0.011705123456790126
DL005300NSP0_AMSeq1	0.0019243445032333922
DL005301NSP0_AMSeq1	0.0013180246913580243
DL005302NSP0_AMSeq1	0.0010817416225749553
DL005303NSP0_AMSeq1	0.0010528593474426803
DL005304NSP0_AMSeq1	0.0016737014991181668
DL005305NSP0_AMSeq1	0.3712616335978837
DL005307NSP0_AMSeq1	0.04587680555555557
DL005308NSP0_AMSeq1	0.009729398148148147
DL005309NSP0_AMSeq1	0.0013591446208112872
DL005310NSP0_AMSeq1	0.002395282186948853
DL005311NSP0_AMSeq1	0.001254149029982363
DL005312NSP0_AMSeq1	0.2654215068342153
DL005313NSP0_AMSeq1	0.001778256172839507
DL005314NSP0_AMSeq1	0.10496554894179892
DL005315NSP0_AMSeq1	0.013363163580246919
DL005316NSP0_AMSeq1	0.0010654629629629627
DL005317NSP0_AMSeq1	0.0011523853615520276
DL005318NSP0_AMSeq1	0.0017848148148148146
DL005319NSP0_AMSeq1	0.0010687433862433858
DL005320NSP0_AMSeq1	0.0014081481481481484
DL005321NSP0_AMSeq1	0.0007631481481481482
DL005322NSP0_AMSeq1	0.04045579181363906
DL005323NSP0_AMSeq1	0.00153956569664903
DL005324NSP0_AMSeq1	0.03250792254556144
DL005325NSP0_AMSeq1	0.001963414902998237
DL005326NSP0_AMSeq1	0.0011834450323339211
DL005327NSP0_AMSeq1	0.0014127447089947083
DL005328NSP0_AMSeq1	0.21821616181657855
DL005329NSP0_AMSeq1	0.0010035030864197529
DL005330NSP0_AMSeq1	0.041704488903586155
DL005331NSP0_AMSeq1	0.11937858245149914
DL005332NSP0_AMSeq1	0.0009278218694885356
DL005333NSP0_AMSeq1	0.03862268334803059
DL005334NSP0_AMSeq1	0.0022012580834803058
DL005335NSP0_AMSeq1	0.002184176954732511
DL005336NSP0_AMSeq1	0.005584552469135801
DL005337NSP0_AMSeq1	0.0018995083774250442
DL005338NSP0_AMSeq1	0.1511038646384479
DL005339NSP0_AMSeq1	0.3506319069664903
DL005340NSP0_AMSeq1	0.0008332649911816574
DL005341NSP0_AMSeq1	0.002016609347442681
DL005342NSP0_AMSeq1	0.005951975308641976
DL005343NSP0_AMSeq1	0.1609015795855379
DL005344NSP0_AMSeq1	0.0012772354497354492
DL005345NSP0_AMSeq1	0.002919370590828924
DL005346NSP0_AMSeq1	0.0009983156966490295
DL005347NSP0_AMSeq1	0.0009049977954144617
DL005348NSP0_AMSeq1	0.0013981062610229275
DL005349NSP0_AMSeq1	0.002184378306878307
DL005350NSP0_AMSeq1	0.001194058641975308
DL005351NSP0_AMSeq1	0.0014603174603174602
DL005352NSP0_AMSeq1	0.03978361552028219
DL005353NSP0_AMSeq1	0.0013829563492063486
DL005354NSP0_AMSeq1	0.001538419312169312
DL005355NSP0_AMSeq1	0.0007136111111111108
DL005356NSP0_AMSeq1	0.0010623897707231033
DL005357NSP0_AMSeq1	0.17227233796296296
DL005358NSP0_AMSeq1	0.04128267342739566
DL005359NSP0_AMSeq1	0.00099351631393298
DL005360NSP0_AMSeq1	0.03876748236331569
DL005361NSP0_AMSeq1	0.010882653218694886
DL005362NSP0_AMSeq1	0.3003715685626102
DL005363NSP0_AMSeq1	0.0009493033509700173
DL005364NSP0_AMSeq1	0.001863774250440917
DL005365NSP0_AMSeq1	0.0010663977072310402
DL005366NSP0_AMSeq1	0.012847258597883602
DL005367NSP0_AMSeq1	0.005690873015873016
DL005368NSP0_AMSeq1	0.0015257304526748972
DL005369NSP0_AMSeq1	0.0017779960317460322
DL005370NSP0_AMSeq1	0.0012203791887125217
DL005371NSP0_AMSeq1	0.004996504629629627
DL005372NSP0_AMSeq1	0.0010510317460317455
DL005373NSP0_AMSeq1	0.0013335582010582006
DL005374NSP0_AMSeq1	0.033473458994709
DL005375NSP0_AMSeq1	0.2881687103174604
DL005376NSP0_AMSeq1	0.0018075947971781306
DL005377NSP0_AMSeq1	0.0026789329805996464
DL005378NSP0_AMSeq1	0.0019703262786596124
DL005379NSP0_AMSeq1	0.033619443342151674
DL005380NSP0_AMSeq1	0.0032712525720164595
DL005381NSP0_AMSeq1	0.004721558641975308
DL005382NSP0_AMSeq1	0.5616419940476189
DL005383NSP0_AMSeq1	0.0014529651675485003
DL005384NSP0_AMSeq1	0.17690719576719566
DL005385NSP0_AMSeq1	0.0009581723985890648
DL005386NSP0_AMSeq1	0.0019010828189300413
DL005387NSP0_AMSeq1	0.002085637125220459
DL005388NSP0_AMSeq1	0.001161766975308642
DL005389NSP0_AMSeq1	0.001986340388007055
DL005390NSP0_AMSeq1	0.010412161596119929
DL005391NSP0_AMSeq1	0.19919643151087588
DL005392NSP0_AMSeq1	0.0005730687830687829
DL005393NSP0_AMSeq1	0.002271705614344504
DL005394NSP0_AMSeq1	0.000912050264550264
DL005395NSP0_AMSeq1	0.0009668805114638442
DL005396NSP0_AMSeq1	0.005206496913580249
DL005397NSP0_AMSeq1	0.002288758083480306
